video_id,comment_id,video_title,channel_name,channel_id,author_name,author_channel_id,text,source_query,source_group,dataset_sources,author_handle,published_text,like_count_text,reply_count,is_pinned,viewer_rating,author_handle_decoded,like_count,texto_original,hashtags,mentions,emojis,texto_limpio
j43HgwYFKfk,Ugw-J65a1iYL9hqhELh4AaABAg,La cooptación de Walter Mazariegos en la USAC,Quorum,UCE4rsXcgDb6e1-a9iTbWzfg,@MarcosCarillo-b1r,UCdFlugHJJa4l3YqWuNRmvXw,Ese corrupto amigo de la vieja fiscal los tengo que verbose en la carcel,@quorumgt,topic,j43HgwYFKfk_out_comments.csv | quorum_complete_comments.csv | youtube_guatemala_plus_comments.csv,/@MarcosCarillo-b1r,hace 6 meses, ,0,False,,/@MarcosCarillo-b1r,0,Ese corrupto amigo de la vieja fiscal los tengo que verbose en la carcel,,,,corrupto amigo viejo fiscal verbose carcel
06mFNPU0aB8,Ugw-ZT9t9wU2V-tCaUZ4AaABAg,Capturan a presuntos delincuentes disfrazados de mujer señalados de cometer asalto,Noti7,UCVpSRoZgngfSL03Nlbjtq9A,@RaulPerez-cw2vi,UCvl1tzQeBeGy6efPTRJXSCw,"Están jóvenes porque no buscan un trabajo,  tuvieron suerte que no hay policías que le gusta del otro vando , por ir vestido de mujer se los hubieran ensamblado la maquinaria.",guatemala noticias,topic,youtube_guatemala_comments.csv | youtube_guatemala_plus_comments.csv,/@RaulPerez-cw2vi,hace 2 semanas, ,0,False,,/@RaulPerez-cw2vi,0,"Están jóvenes porque no buscan un trabajo,  tuvieron suerte que no hay policías que le gusta del otro vando , por ir vestido de mujer se los hubieran ensamblado la maquinaria.",,,,joven buscar trabajo suerte policía gustar vando ir vestido mujer ensamblado maquinaria
j43HgwYFKfk,Ugw0xaOb2CYXXoudtwJ4AaABAg,La cooptación de Walter Mazariegos en la USAC,Quorum,UCE4rsXcgDb6e1-a9iTbWzfg,@iamjimalesssa,UCRAquv8el-tQ30bN7MlmySQ,"Me dejaron con ganas de demandar la ilegalidad de las reuniones virtuales, esto no es una maquila",@quorumgt,topic,j43HgwYFKfk_out_comments.csv | quorum_complete_comments.csv | youtube_guatemala_plus_comments.csv,/@iamjimalesssa,hace 1 año,4,0,False,,/@iamjimalesssa,4,"Me dejaron con ganas de demandar la ilegalidad de las reuniones virtuales, esto no es una maquila",,,,dejar gana demandar ilegalidad reunión virtual maquila
j43HgwYFKfk,Ugw0xgUc2ISpBr5_T654AaABAg,La cooptación de Walter Mazariegos en la USAC,Quorum,UCE4rsXcgDb6e1-a9iTbWzfg,@gonzalo6075,UCkbsS_3D-pvg1iHOld9uvIg,Veremos a este mafioso de Mazariegos en la cárcel y un buen tiempo en la sombra.,@quorumgt/videos,channel,quorum_complete_comments.csv | youtube_guatemala_plus_comments.csv,/@gonzalo6075,hace 1 año, ,0,False,,/@gonzalo6075,0,Veremos a este mafioso de Mazariegos en la cárcel y un buen tiempo en la sombra.,,,,verse mafioso mazariegos cárcel bueno tiempo sombra
OkXlHx0hx-8,Ugw1ZzA21njWhaqQQTh4AaABAg,EE.UU. envía a mexicanos deportados a Guatemala antes de su regreso a México | Noticias Telemundo,Noticias Telemundo,UCRwA1NUcUnwsly35ikGhp0A,@luisroldan7374,UCOLHH4ZpMxPYF-Q6e6wvn5A,"eso es para que salga de USA por su propio pie 
que se auto deporten",guatemala noticias,topic,youtube_guatemala_comments.csv | youtube_guatemala_plus_comments.csv,/@luisroldan7374,hace 1 día,2,1,False,,/@luisroldan7374,2,"eso es para que salga de USA por su propio pie 
que se auto deporten",,,,salir usar propio pie auto deportar
OkXlHx0hx-8,Ugw1ZzA21njWhaqQQTh4AaABAg.Aa9Tf29tBouAaB_XZQglTL,EE.UU. envía a mexicanos deportados a Guatemala antes de su regreso a México | Noticias Telemundo,Noticias Telemundo,UCRwA1NUcUnwsly35ikGhp0A,@eugeneramirez4405,UCi2KiZq63sRq8Mfbcp-MelQ,Imagine if they had to walk back home.,guatemala noticias,topic,youtube_guatemala_comments.csv | youtube_guatemala_plus_comments.csv,/@eugeneramirez4405,hace 20 horas, ,0,False,,/@eugeneramirez4405,0,Imagine if they had to walk back home.,,,,imaginar if they had to walk back home
yLZS3JiEBg8,Ugw2014OIYf336oytFt4AaABAg,Arroz con pollo a la MONOPOLIO,Quorum,UCE4rsXcgDb6e1-a9iTbWzfg,@capitanfrans,UCXl30Y_upRqbti52fmjK4YA,buenísima investigacion :hand-purple-blue-peace::hand-purple-blue-peace::hand-purple-blue-peace:,@quorumgt/videos,channel,quorum_complete_comments.csv | youtube_guatemala_plus_comments.csv,/@capitanfrans,hace 2 años, ,0,False,,/@capitanfrans,0,buenísima investigacion :hand-purple-blue-peace::hand-purple-blue-peace::hand-purple-blue-peace:,,,,buenísima investigacion
n8iP75gIpmw,Ugw2bSVOoNn2pc8ZcUl4AaABAg,Qué rico come tu diputado,Quorum,UCE4rsXcgDb6e1-a9iTbWzfg,@danyraymundo2942,UCRelkU8JiZBytTzebJxaa-w,"Lleven su lonchera, sacrifiquense un poco. Y reintevren ese dinero. O están robando.",@quorumgt/videos,channel,quorum_complete_comments.csv | youtube_guatemala_plus_comments.csv,/@danyraymundo2942,hace 2 años,3,0,False,,/@danyraymundo2942,3,"Lleven su lonchera, sacrifiquense un poco. Y reintevren ese dinero. O están robando.",,,,llevar lonchera sacrifiquense reintevren dinero robar
lj983NWyAQY,Ugw3gnUvLp6AqO0_odt4AaABAg,Plan 2032 Ciudad de Guatemala,Municipalidad de Guatemala,UCXa6LVjBzUtmcM3cwbd9e2w,@perritojuega1,UCgLurCo-e019HGODcjXHWCw,Viva Guatemala 🇬🇹🇬🇹🇬🇹🥳🥳🥳,Municipalidad de Guatemala,topic,lj983NWyAQY_out_comments.csv | youtube_guatemala_plus_comments.csv,/@perritojuega1,hace 5 años,2,0,False,,/@perritojuega1,2,Viva Guatemala 🇬🇹🇬🇹🇬🇹🥳🥳🥳,,,🥳|🥳|🥳,vivar guatemala
n8iP75gIpmw,Ugw4C1ijI36l6LAiSZh4AaABAg,Qué rico come tu diputado,Quorum,UCE4rsXcgDb6e1-a9iTbWzfg,@lizardomorataya8274,UCDIMztpVm7G27qBuiWuT6oQ,LADRONES !!!!,@quorumgt/videos,channel,quorum_complete_comments.csv | youtube_guatemala_plus_comments.csv,/@lizardomorataya8274,hace 2 años, ,0,False,,/@lizardomorataya8274,0,LADRONES !!!!,,,,ladrón
ndAZjHqzzT8,Ugw4St_YnT9_Ya5xSPt4AaABAg,Internet: escoger el menos malo,Quorum,UCE4rsXcgDb6e1-a9iTbWzfg,@daniloarevalo3170,UCZOmq6MwFDVoCaEl99BRRaw,"Otro pequeño truco es que tenés un plan mensual de Gb y redes ilimitadas y luego te mandan mensaje que consumiste el 95% de tu plan y ahi viene el caos verificas el consumo de tus datos y solo has utilizado redes, con un mínimo de internet y por ende hay que hacer una recarga adicional,,, porque vas a averiguar y solo te dicen que sí consumiste tus datos y ya,,,,a recargar,,un negoció redondo para ambas empresas 🤮🤮😠😠💵💵",@quorumgt/videos,channel,quorum_complete_comments.csv | youtube_guatemala_plus_comments.csv,/@daniloarevalo3170,hace 1 año, ,0,False,,/@daniloarevalo3170,0,"Otro pequeño truco es que tenés un plan mensual de Gb y redes ilimitadas y luego te mandan mensaje que consumiste el 95% de tu plan y ahi viene el caos verificas el consumo de tus datos y solo has utilizado redes, con un mínimo de internet y por ende hay que hacer una recarga adicional,,, porque vas a averiguar y solo te dicen que sí consumiste tus datos y ya,,,,a recargar,,un negoció redondo para ambas empresas 🤮🤮😠😠💵💵",,,🤮|🤮|😠|😠|💵|💵,pequeño truco tenés plan mensual gb redar ilimitado luego mandar mensaje consumir plan ahi venir caos verificar consumo dato solo utilizar redar mínimo internet ende hacer recarga adicional vas averiguar solo decir consumir dato recargar negociar redondo ambos empresa
6W4u8sGEnGM,Ugw4ccnmIWJaE6VNRWN4AaABAg,Inician los trabajos de recuperación del Puente Belice II.,Gobierno de la República de Guatemala,UC-ZtFBHzgkYFh7whZkuR_Ag,@vitalianochavez8382,UCFybmWapGvBKcQod7cPPH9w,Que bien que cambio de nombre,Gobierno de la República de Guatemala,topic,youtube_guatemala_plus_comments.csv | youtube_lab_targets_small_comments.csv,/@vitalianochavez8382,hace 5 días,1,0,False,,/@vitalianochavez8382,1,Que bien que cambio de nombre,,,,bien cambio nombre
n8iP75gIpmw,Ugw5E402-fn52PLXFIJ4AaABAg,Qué rico come tu diputado,Quorum,UCE4rsXcgDb6e1-a9iTbWzfg,@andyB5280,UCh5ESQvtzyHDhCA7XyekCFA,Tiene un poquito de oro y no habla como resolver los problemas .,@quorumgt/videos,channel,quorum_complete_comments.csv | youtube_guatemala_plus_comments.csv,/@andyB5280,hace 2 años, ,0,False,,/@andyB5280,0,Tiene un poquito de oro y no habla como resolver los problemas .,,,,poquito oro habla resolver problema
n8iP75gIpmw,Ugw5URsiAF9QVoniY-l4AaABAg,Qué rico come tu diputado,Quorum,UCE4rsXcgDb6e1-a9iTbWzfg,@cesarandreas7824,UCWIZUtKJ636y-4TYrNvok0g,"Si a los diputados no les alcanza el sueldo que se busquen otro trabajo,  ya sea de los departamentos o de la capital.",@quorumgt/videos,channel,quorum_complete_comments.csv | youtube_guatemala_plus_comments.csv,/@cesarandreas7824,hace 2 años,5,0,False,,/@cesarandreas7824,5,"Si a los diputados no les alcanza el sueldo que se busquen otro trabajo,  ya sea de los departamentos o de la capital.",,,,si diputado alcanzar sueldo buscar trabajo departamento capital
n8iP75gIpmw,Ugw5xMAuDaygo77ynI94AaABAg,Qué rico come tu diputado,Quorum,UCE4rsXcgDb6e1-a9iTbWzfg,@jor77cas,UCzoL2l5H5eVlorWGH8AZfAg,"Lamentable son las EXCUSAS,  reclama que porque no se ve el trabajo que realizan, sueldon para que se costeen sus propios alimentos, pero tienen que ir a restaurantes de lujo y el PUEBLO luchando para llevar un pan a su mesa, muchos ni a eso llegan  ...",@quorumgt/videos,channel,quorum_complete_comments.csv | youtube_guatemala_plus_comments.csv,/@jor77cas,hace 2 años (editado),6,0,False,,/@jor77cas,6,"Lamentable son las EXCUSAS,  reclama que porque no se ve el trabajo que realizan, sueldon para que se costeen sus propios alimentos, pero tienen que ir a restaurantes de lujo y el PUEBLO luchando para llevar un pan a su mesa, muchos ni a eso llegan  ...",,,,lamentable excusa reclamar ve trabajo realizar sueldon costear propio alimento ir restaurante lujo pueblo luchar llevar pan mesa llegar
TT4qJ5FXHYE,Ugw6cfXYfV4H-asKlDR4AaABAg,"I’x K’at: el primer equipo guatemalteco de pelota maya, conformado únicamente por mujeres.",Quorum,UCE4rsXcgDb6e1-a9iTbWzfg,@rotorairgroup8409,UCKVzDUqbtdSMBcexaEtMmzQ,No se ve un deporte dinamico ni entretenido. El trasfondo de este juego era bastante macabro y refleja la oscuridad de las culturas pre colombinas en America. No le encuentro sentido a recrear algo tan negativo y arcaico.,@quorumgt/videos,channel,quorum_complete_comments.csv | youtube_guatemala_plus_comments.csv,/@rotorairgroup8409,hace 2 años, ,0,False,,/@rotorairgroup8409,0,No se ve un deporte dinamico ni entretenido. El trasfondo de este juego era bastante macabro y refleja la oscuridad de las culturas pre colombinas en America. No le encuentro sentido a recrear algo tan negativo y arcaico.,,,,ve deporte dinamico entretenido trasfondo juego bastante macabro reflejar oscuridad cultura pre colombino america encuentro recrear tan negativo arcaico
j43HgwYFKfk,Ugw74asIfir0_SVC6OB4AaABAg,La cooptación de Walter Mazariegos en la USAC,Quorum,UCE4rsXcgDb6e1-a9iTbWzfg,@eustaquiogomez9975,UCNpt5CQlTzNjlAKY6CJtClQ,Denle golpe universitario (de estado). Lo puede hacer el CSU?,@quorumgt/videos,channel,quorum_complete_comments.csv | youtube_guatemala_plus_comments.csv,/@eustaquiogomez9975,hace 1 año, ,0,False,,/@eustaquiogomez9975,0,Denle golpe universitario (de estado). Lo puede hacer el CSU?,,,,denle golpe universitario poder hacer csu
n8iP75gIpmw,Ugw86zOgTwKzYotlT9l4AaABAg,Qué rico come tu diputado,Quorum,UCE4rsXcgDb6e1-a9iTbWzfg,@yeniferaguirre4498,UCut6b9S98nv84cVX89PmKzA,Y el pueblo muriéndose de hambre muchas madres de familia ganando 50 quetzales al día y en algunos departamentos solo ganan 30 te voy a dar mención una aldea llamada el jabalí 30 quetzales al día gana algunas personas ganan 300 quetzales a la semana fiestas sanguijuelas se los comieron en un almuerzo,@quorumgt/videos,channel,quorum_complete_comments.csv | youtube_guatemala_plus_comments.csv,/@yeniferaguirre4498,hace 2 años,1,0,False,,/@yeniferaguirre4498,1,Y el pueblo muriéndose de hambre muchas madres de familia ganando 50 quetzales al día y en algunos departamentos solo ganan 30 te voy a dar mención una aldea llamada el jabalí 30 quetzales al día gana algunas personas ganan 300 quetzales a la semana fiestas sanguijuelas se los comieron en un almuerzo,,,,pueblo muriéndose hambre mucho madre familia ganar quetzal día departamento solo ganar ir dar mención aldea llamada jabalí quetzal día gana persona ganar quetzal semana fiesta sanguijuela comer almuerzo
j43HgwYFKfk,Ugw8iZ_G2Cwq-9ZYctt4AaABAg,La cooptación de Walter Mazariegos en la USAC,Quorum,UCE4rsXcgDb6e1-a9iTbWzfg,@aguilar4254,UCQyOePccUP-fIJYzchAgZYw,"Pues son muchos los alumnos hay que unirse se han quedado con la pata del Walter en el cuello, fuera hay que sacarlos",@quorumgt/videos,channel,quorum_complete_comments.csv | youtube_guatemala_plus_comments.csv,/@aguilar4254,hace 6 meses, ,0,False,,/@aguilar4254,0,"Pues son muchos los alumnos hay que unirse se han quedado con la pata del Walter en el cuello, fuera hay que sacarlos",,,,pues alumno unirse quedar pata walter cuello sacarlos
n8iP75gIpmw,Ugw8pyxscJNUQpfoKuF4AaABAg,Qué rico come tu diputado,Quorum,UCE4rsXcgDb6e1-a9iTbWzfg,@welfrealdana5559,UCOLGv5Pf6BF2wFcwUzgcvHg,Todos lis que trabajan en la capital pagamos apartamento y no tenemos carro y gasolina gratis,@quorumgt/videos,channel,quorum_complete_comments.csv | youtube_guatemala_plus_comments.csv,/@welfrealdana5559,hace 2 años,4,0,False,,/@welfrealdana5559,4,Todos lis que trabajan en la capital pagamos apartamento y no tenemos carro y gasolina gratis,,,,lis trabajar capital pagar apartamento carro gasolina gratis
06mFNPU0aB8,Ugw9_Qw_QaSdggWuKJt4AaABAg,Capturan a presuntos delincuentes disfrazados de mujer señalados de cometer asalto,Noti7,UCVpSRoZgngfSL03Nlbjtq9A,@ruddydepaz322,UCAxvOOHQk7dYPOajzFEVtbA,Las dos se ubieran vestido de rosita con tacones y medias.Dia y noche no les ba faltar de todos calibres .delen una bolsa de pintalabios también .,guatemala noticias,topic,youtube_guatemala_comments.csv | youtube_guatemala_plus_comments.csv,/@ruddydepaz322,hace 2 semanas, ,0,False,,/@ruddydepaz322,0,Las dos se ubieran vestido de rosita con tacones y medias.Dia y noche no les ba faltar de todos calibres .delen una bolsa de pintalabios también .,,,,dos ubieran vestido rosita tacón media dia noche ba faltar calibre delen bolsa pintalabios
n8iP75gIpmw,Ugw9eye2GML6RHRSu-14AaABAg,Qué rico come tu diputado,Quorum,UCE4rsXcgDb6e1-a9iTbWzfg,@MegaKristenstewart,UCQ_-LPP8JAbfkc-b1Q6NvWw,La gente muriendose de hambre y esos ladrones comiendo de maravilla que verguenza...,@quorumgt/videos,channel,quorum_complete_comments.csv | youtube_guatemala_plus_comments.csv,/@MegaKristenstewart,hace 2 años,31,0,False,,/@MegaKristenstewart,31,La gente muriendose de hambre y esos ladrones comiendo de maravilla que verguenza...,,,,gente muriendose hambre ladrón comer maravilla verguenza
lj983NWyAQY,UgwA5aTmgACLCuTUT494AaABAg,Plan 2032 Ciudad de Guatemala,Municipalidad de Guatemala,UCXa6LVjBzUtmcM3cwbd9e2w,@melvinperez6710,UCXmrpc6Li0spcKxtS0Q_ptg,Guatemala nunca se tube que llamar guatemala dino guatebella guatehermosa guatelinda la eterna primavera es guatebella abrazos hnos de un salvadoreno que viva el amor y la armonia,Municipalidad de Guatemala,topic,lj983NWyAQY_out_comments.csv | youtube_guatemala_plus_comments.csv,/@melvinperez6710,hace 6 años,10,0,False,,/@melvinperez6710,10,Guatemala nunca se tube que llamar guatemala dino guatebella guatehermosa guatelinda la eterna primavera es guatebella abrazos hnos de un salvadoreno que viva el amor y la armonia,,,,guatemala nunca tube llamar guatemala dino guatebella guatehermosa guatelinda eterno primavera guatebella abrazo hnos salvadoreno vivar amor armonia
n8iP75gIpmw,UgwARHTnVAzzPrHbNox4AaABAg,Qué rico come tu diputado,Quorum,UCE4rsXcgDb6e1-a9iTbWzfg,@belvettzapeta1251,UCZ51R_9Q9C0c8I3pAWhtmjQ,Me parece excelente esta entrevista,@quorumgt/videos,channel,quorum_complete_comments.csv | youtube_guatemala_plus_comments.csv,/@belvettzapeta1251,hace 2 años,8,0,False,,/@belvettzapeta1251,8,Me parece excelente esta entrevista,,,,parecer excelente entrevistar
X_FAIef8qlE,UgwBIwUPLGxEWAu3Mh14AaABAg,Cruzando la ciudad a puro Transmetro,Quorum,UCE4rsXcgDb6e1-a9iTbWzfg,@elizabethmonterroso7719,UCPLW0HE3siElqCgXfgWxMqg,"¿Como se subscribe uno al boletín informativo? 
Yo intenté desde la pagina web pero  los teléfonos que tienen colocados  dice telgua que no existen. Y WhatsApp igual dice que ese teléfono no existe.",@quorumgt/videos,channel,quorum_complete_comments.csv | youtube_guatemala_plus_comments.csv,/@elizabethmonterroso7719,hace 5 meses, ,0,False,,/@elizabethmonterroso7719,0,"¿Como se subscribe uno al boletín informativo? 
Yo intenté desde la pagina web pero  los teléfonos que tienen colocados  dice telgua que no existen. Y WhatsApp igual dice que ese teléfono no existe.",,,,subscribir boletín informativo intentar paginar web teléfono colocar decir telgua existir whatsapp igual decir teléfono existir
OkXlHx0hx-8,UgwCW5PErySUmwse3bZ4AaABAg,EE.UU. envía a mexicanos deportados a Guatemala antes de su regreso a México | Noticias Telemundo,Noticias Telemundo,UCRwA1NUcUnwsly35ikGhp0A,@WilR-s8r,UCxhtlxPV8AYWaNNyU6S9H8Q,Pero hay que ver el lado bueno si los deportan por la Frontera los carteles los secuestran para sacar dinero a los familiares en USA,guatemala noticias,topic,youtube_guatemala_comments.csv | youtube_guatemala_plus_comments.csv,/@WilR-s8r,hace 1 día, ,0,False,,/@WilR-s8r,0,Pero hay que ver el lado bueno si los deportan por la Frontera los carteles los secuestran para sacar dinero a los familiares en USA,,,,ver lado bueno si deportar frontera cartel secuestrar sacar dinero familiar usar
yLZS3JiEBg8,UgwCfRlzeiXz172UQQV4AaABAg,Arroz con pollo a la MONOPOLIO,Quorum,UCE4rsXcgDb6e1-a9iTbWzfg,@hashojea7348,UCvcu1kR8xMYy_I1Ty-2mV2Q,"Este video debe llegar a muchas personas, es muy buena información",@quorumgt/videos,channel,quorum_complete_comments.csv | youtube_guatemala_plus_comments.csv,/@hashojea7348,hace 2 años, ,0,False,,/@hashojea7348,0,"Este video debe llegar a muchas personas, es muy buena información",,,,video debe llegar mucho persona bueno información
j43HgwYFKfk,UgwCw9bhAw6suYQfCWx4AaABAg,La cooptación de Walter Mazariegos en la USAC,Quorum,UCE4rsXcgDb6e1-a9iTbWzfg,@josecastillo4390,UCaKAjTW9MVub_clgr4DRYjQ,Qué lujooo de contenidooooo 🔥,@quorumgt,topic,j43HgwYFKfk_out_comments.csv | quorum_complete_comments.csv | youtube_guatemala_plus_comments.csv,/@josecastillo4390,hace 1 año,6,0,False,,/@josecastillo4390,6,Qué lujooo de contenidooooo 🔥,,,🔥,lujooo contenidooooo
n8iP75gIpmw,UgwEOUk-ofXNqkHW5Cx4AaABAg,Qué rico come tu diputado,Quorum,UCE4rsXcgDb6e1-a9iTbWzfg,@markoherrera,UCxff05WuyvwELNITi7bj7UA,"Desde que dijo que qué hacían los periodistas por el país lo deje de escuchar, no me quiero picar el hígado",@quorumgt/videos,channel,quorum_complete_comments.csv | youtube_guatemala_plus_comments.csv,/@markoherrera,hace 2 años,3,0,False,,/@markoherrera,3,"Desde que dijo que qué hacían los periodistas por el país lo deje de escuchar, no me quiero picar el hígado",,,,decir hacer periodista país deje escuchar querer picar hígado
n8iP75gIpmw,UgwEQHx8Ik7SbxBTQ914AaABAg,Qué rico come tu diputado,Quorum,UCE4rsXcgDb6e1-a9iTbWzfg,@SoniaMarroquin-y6e,UCZLG9qH0tUjNhEGFIUt0CYw,Otros nuevos corruptos,@quorumgt/videos,channel,quorum_complete_comments.csv | youtube_guatemala_plus_comments.csv,/@SoniaMarroquin-y6e,hace 2 años,1,0,False,,/@SoniaMarroquin-y6e,1,Otros nuevos corruptos,,,,nuevo corrupto
j43HgwYFKfk,UgwEjfj5ueeimHg-Hbt4AaABAg,La cooptación de Walter Mazariegos en la USAC,Quorum,UCE4rsXcgDb6e1-a9iTbWzfg,@armindapenados2841,UCwgCc9Jd_gG-uLE_SY-FfPg,¡¡¡La USAC NO tiene rector sólo un usurpador!!!,@quorumgt/videos,channel,quorum_complete_comments.csv | youtube_guatemala_plus_comments.csv,/@armindapenados2841,hace 1 año, ,0,False,,/@armindapenados2841,0,¡¡¡La USAC NO tiene rector sólo un usurpador!!!,,,,usac rector sólo usurpador
n8iP75gIpmw,UgwG3XiEgFlHKtrtTqd4AaABAg,Qué rico come tu diputado,Quorum,UCE4rsXcgDb6e1-a9iTbWzfg,@JacintaTzoy,UCXSkL3ejZ8qWYyF_M7s_QKA,"Entoces las mismas 💩😡 Junta Directiva haciéndose de las suyas con el dinero del Estado. Ya basta de tanto robo, barriles sin fondos..💩😡",@quorumgt/videos,channel,quorum_complete_comments.csv | youtube_guatemala_plus_comments.csv,/@JacintaTzoy,hace 2 años, ,0,False,,/@JacintaTzoy,0,"Entoces las mismas 💩😡 Junta Directiva haciéndose de las suyas con el dinero del Estado. Ya basta de tanto robo, barriles sin fondos..💩😡",,,💩|😡|💩|😡,entoces mismo junta directiva haciéndose dinero bastar robo barril fondo
n8iP75gIpmw,UgwGm1V-_GN1ZPcijdl4AaABAg,Qué rico come tu diputado,Quorum,UCE4rsXcgDb6e1-a9iTbWzfg,@byronpontaza,UChs3tU2BcKOT0CezykvAsGw,"Eso es lo que yo no entiendo de los periodistas, porque ahora atacan con tanto entusiasmo estas cosas, en el gobierno anterior estuvieron callados, o en ese tiempo también ellos recibían sus pagos",@quorumgt/videos,channel,quorum_complete_comments.csv | youtube_guatemala_plus_comments.csv,/@byronpontaza,hace 2 años,2,0,False,,/@byronpontaza,2,"Eso es lo que yo no entiendo de los periodistas, porque ahora atacan con tanto entusiasmo estas cosas, en el gobierno anterior estuvieron callados, o en ese tiempo también ellos recibían sus pagos",,,,entender periodista ahora atacar entusiasmo cosa gobierno anterior callar tiempo recibir pago
n8iP75gIpmw,UgwHY5LtTiQ0lBONp8N4AaABAg,Qué rico come tu diputado,Quorum,UCE4rsXcgDb6e1-a9iTbWzfg,@johnmejia992,UC6PvO1_k5lHKGdAPo5_C6TA,"Tanto mierda este programa... tiene razón pero 
Y porque no le tira así a los corruptos",@quorumgt/videos,channel,quorum_complete_comments.csv | youtube_guatemala_plus_comments.csv,/@johnmejia992,hace 2 años,1,0,False,,/@johnmejia992,1,"Tanto mierda este programa... tiene razón pero 
Y porque no le tira así a los corruptos",,,,mierda programa razón tira así corrupto
6W4u8sGEnGM,UgwIB06iEQnFOFLc9et4AaABAg,Inician los trabajos de recuperación del Puente Belice II.,Gobierno de la República de Guatemala,UC-ZtFBHzgkYFh7whZkuR_Ag,@vic-bonivideos,UCwxoKK59nGCeBqB2sXfDBIw,"Indignante COMO EXISTEN unos GUATEMALTECOS ESTÚPIDOS , los PROYECTOS, SON PROYECTOS DE ESTADOS no de PARTIDOS POLÍTICOS, lo que hubiera estado HACIENDO EL ZURDO PRESIDENTE era INAURANDO su CONSTRUCCIÓN no reempezar lo que hace 3 años empezó así como el el puente Roosevelt no tuvo ningún cambio fue lo que ya estaba expuesto, lo que sucede que siempre llega otro delincuente y quiere su mordida ese PROSUPUESTO YA ESTABA ECHO ..",Gobierno de la República de Guatemala,topic,youtube_guatemala_plus_comments.csv | youtube_lab_targets_small_comments.csv,/@vic-bonivideos,hace 6 días, ,1,False,,/@vic-bonivideos,0,"Indignante COMO EXISTEN unos GUATEMALTECOS ESTÚPIDOS , los PROYECTOS, SON PROYECTOS DE ESTADOS no de PARTIDOS POLÍTICOS, lo que hubiera estado HACIENDO EL ZURDO PRESIDENTE era INAURANDO su CONSTRUCCIÓN no reempezar lo que hace 3 años empezó así como el el puente Roosevelt no tuvo ningún cambio fue lo que ya estaba expuesto, lo que sucede que siempre llega otro delincuente y quiere su mordida ese PROSUPUESTO YA ESTABA ECHO ..",,,,indignante existir guatemalteco estúpido proyecto proyecto partido político hacendar zurdo presidente inaurando construcción reempezar hacer año empezar así puente roosevelt ninguno cambio exponer suceder siempre llegar delincuente querer morder prosupuesto echar
6W4u8sGEnGM,UgwIB06iEQnFOFLc9et4AaABAg.Aa-0m2jDJt2Aa42DVzs9Zy,Inician los trabajos de recuperación del Puente Belice II.,Gobierno de la República de Guatemala,UC-ZtFBHzgkYFh7whZkuR_Ag,@hectormaaz5523,UCWaRixDdpgllTBf4V0jPnKQ,Tantos.que empezaron y no llegaron ni siquiera a la mitad puentes donde no hay Rio para robar el dinero y este presidente llegó para hacer algo diferente y eso que no vote por el pues tampoco he cotado por los corruptos pero a este presente si votaría por el si fuera posible,Gobierno de la República de Guatemala,topic,youtube_guatemala_plus_comments.csv | youtube_lab_targets_small_comments.csv,/@hectormaaz5523,hace 4 días (editado), ,0,False,,/@hectormaaz5523,0,Tantos.que empezaron y no llegaron ni siquiera a la mitad puentes donde no hay Rio para robar el dinero y este presidente llegó para hacer algo diferente y eso que no vote por el pues tampoco he cotado por los corruptos pero a este presente si votaría por el si fuera posible,,,,tanto empezar llegar siquiera mitad puente reír robar dinero presidente llegar hacer diferente votar pues tampoco cotar corrupto presente si votar si posible
j43HgwYFKfk,UgwIBBqN6fh6MURkwkN4AaABAg,La cooptación de Walter Mazariegos en la USAC,Quorum,UCE4rsXcgDb6e1-a9iTbWzfg,@HectorElias-u2l,UCkVtmkK07b2zaVVNssX4lOg,"Mucha importancia le dan a éste ladrón maldito,",@quorumgt,topic,j43HgwYFKfk_out_comments.csv | quorum_complete_comments.csv | youtube_guatemala_plus_comments.csv,/@HectorElias-u2l,hace 6 meses, ,0,False,,/@HectorElias-u2l,0,"Mucha importancia le dan a éste ladrón maldito,",,,,mucho importancia dar este ladrón maldito
n8iP75gIpmw,UgwIiqrp6EYNoFmnBAR4AaABAg,Qué rico come tu diputado,Quorum,UCE4rsXcgDb6e1-a9iTbWzfg,@carlosmedranovelasquez6380,UCN6qbfPSzFtjhqUDZ3Cv3CQ,"O sea que si es válido que se den sus gustos con el dinero de los guatemaltecos, es una sinverguenzada, para eso tienen jugosos salarios no le roben al pueblo",@quorumgt/videos,channel,quorum_complete_comments.csv | youtube_guatemala_plus_comments.csv,/@carlosmedranovelasquez6380,hace 2 años,2,0,False,,/@carlosmedranovelasquez6380,2,"O sea que si es válido que se den sus gustos con el dinero de los guatemaltecos, es una sinverguenzada, para eso tienen jugosos salarios no le roben al pueblo",,,,si válido dar gusto dinero guatemalteco sinverguenzada jugoso salario robar pueblo
j43HgwYFKfk,UgwIlv8gtF3WKYfHSJJ4AaABAg,La cooptación de Walter Mazariegos en la USAC,Quorum,UCE4rsXcgDb6e1-a9iTbWzfg,@lisss1908,UC95PSMouTx2N5CbSq0hIyrQ,😮,@quorumgt/videos,channel,quorum_complete_comments.csv | youtube_guatemala_plus_comments.csv,/@lisss1908,hace 1 año, ,0,False,,/@lisss1908,0,😮,,,😮,
n8iP75gIpmw,UgwJ4UehO5E4j0niJU14AaABAg,Qué rico come tu diputado,Quorum,UCE4rsXcgDb6e1-a9iTbWzfg,@fredydomingo7062,UCueV9cTyTDwgQSec1x2dYgA,😂😂😂😂solo pajas😅😅que político gasta su dinero por el país,@quorumgt/videos,channel,quorum_complete_comments.csv | youtube_guatemala_plus_comments.csv,/@fredydomingo7062,hace 1 año, ,0,False,,/@fredydomingo7062,0,😂😂😂😂solo pajas😅😅que político gasta su dinero por el país,,,😂|😂|😂|😂|😅|😅,solo paja político gastar dinero país
n8iP75gIpmw,UgwJMFYT7I9czw_oa0V4AaABAg,Qué rico come tu diputado,Quorum,UCE4rsXcgDb6e1-a9iTbWzfg,@ManuelEdran,UC5H8ASmMC9WrURmzeB4ySog,No es el tema centrese y aclare...,@quorumgt/videos,channel,quorum_complete_comments.csv | youtube_guatemala_plus_comments.csv,/@ManuelEdran,hace 2 años,1,0,False,,/@ManuelEdran,1,No es el tema centrese y aclare...,,,,tema centrese aclarar
n8iP75gIpmw,UgwJN55EmMcKPRb_AfB4AaABAg,Qué rico come tu diputado,Quorum,UCE4rsXcgDb6e1-a9iTbWzfg,@fredymendez1786,UCHhHUjaMAZ8SiXdCUCj9DkQ,hay cosas que yo no entiendo de Guatemala que a mi suena ilogico. Dandole almuerzos gratis a funcionarios publico? a poco no es suficiente con todos los robos que hacen aparte de los salarios incontables que tienen. Porque no crean un fondo mas para las escuelas para que los niños desnutridos que seria de gran ayuda para los padres.,@quorumgt/videos,channel,quorum_complete_comments.csv | youtube_guatemala_plus_comments.csv,/@fredymendez1786,hace 2 años,1,0,False,,/@fredymendez1786,1,hay cosas que yo no entiendo de Guatemala que a mi suena ilogico. Dandole almuerzos gratis a funcionarios publico? a poco no es suficiente con todos los robos que hacen aparte de los salarios incontables que tienen. Porque no crean un fondo mas para las escuelas para que los niños desnutridos que seria de gran ayuda para los padres.,,,,cosa entender guatemala sonar ilogico dandole almuerzo gratis funcionario publicar suficiente robo hacer aparte salario incontable crear fondo mas escuela niño desnutrir seriar gran ayuda padre
n8iP75gIpmw,UgwKjHT5lyjLiqR9ym94AaABAg,Qué rico come tu diputado,Quorum,UCE4rsXcgDb6e1-a9iTbWzfg,@fredygarcia9151,UCgvw7xIdGFupzpt1Y_BFkEA,Si hacen algo bueno para guate es por eso que se les paga.,@quorumgt/videos,channel,quorum_complete_comments.csv | youtube_guatemala_plus_comments.csv,/@fredygarcia9151,hace 2 años,1,0,False,,/@fredygarcia9151,1,Si hacen algo bueno para guate es por eso que se les paga.,,,,si hacer bueno guate paga
j43HgwYFKfk,UgwL_UlN82zRUeNgVDh4AaABAg,La cooptación de Walter Mazariegos en la USAC,Quorum,UCE4rsXcgDb6e1-a9iTbWzfg,@EdgarcalderonCalderong,UCeDNEtI8_a42bZ47wJiJMwQ,SECUESTRADOR DE LA U DE SAN CARLOS,@quorumgt/videos,channel,quorum_complete_comments.csv | youtube_guatemala_plus_comments.csv,/@EdgarcalderonCalderong,hace 1 año, ,0,False,,/@EdgarcalderonCalderong,0,SECUESTRADOR DE LA U DE SAN CARLOS,,,,secuestrador san carlos
6W4u8sGEnGM,UgwMfCTNaiukOxMqfON4AaABAg,Inician los trabajos de recuperación del Puente Belice II.,Gobierno de la República de Guatemala,UC-ZtFBHzgkYFh7whZkuR_Ag,@mariogonzalezorellana8956,UCiOZX__1gahg1ypIj0_XG_w,Pero ya enseña,Gobierno de la República de Guatemala,topic,youtube_guatemala_plus_comments.csv | youtube_lab_targets_small_comments.csv,/@mariogonzalezorellana8956,hace 6 días,1,0,False,,/@mariogonzalezorellana8956,1,Pero ya enseña,,,,enseña
j43HgwYFKfk,UgwNvErOoJ_qRYF6TB94AaABAg,La cooptación de Walter Mazariegos en la USAC,Quorum,UCE4rsXcgDb6e1-a9iTbWzfg,@Lyrics_GT,UCqCrvuoJpC-aVb0f4logQRQ,"Es una buena universidad, ahí estudio mi hermano, sin embargo es una universidad manchada por los malditos rojos, los asquerosos Comunistas que salen a manifestar en la huelga.",@quorumgt/videos,channel,quorum_complete_comments.csv | youtube_guatemala_plus_comments.csv,/@Lyrics_GT,hace 1 año, ,0,False,,/@Lyrics_GT,0,"Es una buena universidad, ahí estudio mi hermano, sin embargo es una universidad manchada por los malditos rojos, los asquerosos Comunistas que salen a manifestar en la huelga.",,,,bueno universidad ahí estudio hermano embargo universidad manchar maldito rojo asqueroso comunista salar manifestar huelga
TT4qJ5FXHYE,UgwO8kzHC551ofxNYCV4AaABAg,"I’x K’at: el primer equipo guatemalteco de pelota maya, conformado únicamente por mujeres.",Quorum,UCE4rsXcgDb6e1-a9iTbWzfg,@sarahernandez3873,UCld2stqxaVSk0QdGncM224A,¡Que excelente iniciativa y equipo de emprendimeitno por rescatar las tradiciones de Guatemala! Esperamos que puedan seguir avanzando y que este juego se vuelva algo mucho más popular entre las nuevas generaciones. ¡Bravo!,@quorumgt/videos,channel,quorum_complete_comments.csv | youtube_guatemala_plus_comments.csv,/@sarahernandez3873,hace 4 años,4,0,False,,/@sarahernandez3873,4,¡Que excelente iniciativa y equipo de emprendimeitno por rescatar las tradiciones de Guatemala! Esperamos que puedan seguir avanzando y que este juego se vuelva algo mucho más popular entre las nuevas generaciones. ¡Bravo!,,,,excelente iniciativa equipo emprendimeitno rescatar tradición guatemala esperar poder seguir avanzar juego volver popular nueva generación bravo
n8iP75gIpmw,UgwPCZZx2gI444cg2AV4AaABAg,Qué rico come tu diputado,Quorum,UCE4rsXcgDb6e1-a9iTbWzfg,@VidalVillatoro-p4w,UCpIdtvoFHVLGASGB5ySqIEA,Este diputado no deja  hablar a los periodistas  y trata de confundir a la población con sus respuestas justificando las armadas que se da con el dinero del pu3blo,@quorumgt/videos,channel,quorum_complete_comments.csv | youtube_guatemala_plus_comments.csv,/@VidalVillatoro-p4w,hace 2 años,1,0,False,,/@VidalVillatoro-p4w,1,Este diputado no deja  hablar a los periodistas  y trata de confundir a la población con sus respuestas justificando las armadas que se da con el dinero del pu3blo,,,,diputado deja hablar periodista trata confundir población respuesta justificar armada dar dinero pu3blo
OkXlHx0hx-8,UgwRLgDGrh-_TEVNOYh4AaABAg,EE.UU. envía a mexicanos deportados a Guatemala antes de su regreso a México | Noticias Telemundo,Noticias Telemundo,UCRwA1NUcUnwsly35ikGhp0A,@Paul-gf7ec,UCtiHFjFu7d5v2XxHnKFUYig,También hay personas que se hacen pasar por mexicanos para que los deporté a México y regresar más rápido a Usa,guatemala noticias,topic,youtube_guatemala_comments.csv | youtube_guatemala_plus_comments.csv,/@Paul-gf7ec,hace 1 día, ,0,False,,/@Paul-gf7ec,0,También hay personas que se hacen pasar por mexicanos para que los deporté a México y regresar más rápido a Usa,,,,persona hacer pasar mexicano deportar méxico regresar rápido usar
zweosulrwA8,UgwSDn5aIUEZwOlx9c94AaABAg,Edén por Salud: empleo inclusivo para personas con discapacidad en Antigua | Super - Episodio 2,Quorum,UCE4rsXcgDb6e1-a9iTbWzfg,@elioelias7267,UCQM2tCKRRytVDRxNUfCDqQQ,❤🎉,@quorumgt/videos,channel,quorum_complete_comments.csv | youtube_guatemala_plus_comments.csv,/@elioelias7267,hace 2 meses, ,0,False,,/@elioelias7267,0,❤🎉,,,❤|🎉,
6W4u8sGEnGM,UgwSt406Q1HWBWCewI14AaABAg,Inician los trabajos de recuperación del Puente Belice II.,Gobierno de la República de Guatemala,UC-ZtFBHzgkYFh7whZkuR_Ag,@AntonioChiyal-x5s,UCWvntqPQx99k_Z_skWKqNSA,5 anos mas precidente,Gobierno de la República de Guatemala,topic,youtube_guatemala_plus_comments.csv | youtube_lab_targets_small_comments.csv,/@AntonioChiyal-x5s,hace 5 días,2,1,False,,/@AntonioChiyal-x5s,2,5 anos mas precidente,,,,ano mas precidente
6W4u8sGEnGM,UgwSt406Q1HWBWCewI14AaABAg.Aa-KmSVE5UgAa-M7iXQwik,Inician los trabajos de recuperación del Puente Belice II.,Gobierno de la República de Guatemala,UC-ZtFBHzgkYFh7whZkuR_Ag,@Israel-u5i7i,UCoGdCoJg2Lh0OX_jv6cG16g,Ojalá se pudiera,Gobierno de la República de Guatemala,topic,youtube_guatemala_plus_comments.csv | youtube_lab_targets_small_comments.csv,/@Israel-u5i7i,hace 5 días, ,0,False,,/@Israel-u5i7i,0,Ojalá se pudiera,,,,ojalá poder
n8iP75gIpmw,UgwTyYcT2aNvGA5DK4J4AaABAg,Qué rico come tu diputado,Quorum,UCE4rsXcgDb6e1-a9iTbWzfg,@pablochitay46,UChgkn5Jt5tWKYMoEOuCjz3Q,Por primera vez deacuerdo con pedro.,@quorumgt/videos,channel,quorum_complete_comments.csv | youtube_guatemala_plus_comments.csv,/@pablochitay46,hace 2 años,2,0,False,,/@pablochitay46,2,Por primera vez deacuerdo con pedro.,,,,primera vez deacuerdo pedro
j43HgwYFKfk,UgwUZL4XYbr2lbEi1r94AaABAg,La cooptación de Walter Mazariegos en la USAC,Quorum,UCE4rsXcgDb6e1-a9iTbWzfg,@pedroros6358,UCiC-Jn7wdgyQV4_Urk0DkWQ,"En julio de 2022 al haber asumido como Rector de Facto, eligieron a Héctor Hugo Pérez Aguilera como representante Titular de la USAC ante la Corte de Constitucionalidad.",@quorumgt/videos,channel,quorum_complete_comments.csv | youtube_guatemala_plus_comments.csv,/@pedroros6358,hace 1 año,1,0,False,,/@pedroros6358,1,"En julio de 2022 al haber asumido como Rector de Facto, eligieron a Héctor Hugo Pérez Aguilera como representante Titular de la USAC ante la Corte de Constitucionalidad.",,,,julio haber asumir rector facto eligir héctor hugo pérez aguilera representante titular usac corte constitucionalidad
JkpVO1hx2f8,UgwXm2HjtCzRKiDHflJ4AaABAg,10 Preguntas a un año del Paro Nacional,Quorum,UCE4rsXcgDb6e1-a9iTbWzfg,@lyacausa,UCQIdKuZ-OzuFqy0KjGrgesg,Guatemala solo cambia de dictadura cada 4 años,@quorumgt/videos,channel,quorum_complete_comments.csv | youtube_guatemala_plus_comments.csv,/@lyacausa,hace 1 año,1,0,False,,/@lyacausa,1,Guatemala solo cambia de dictadura cada 4 años,,,,guatemala solo cambiar dictadura cada año
n8iP75gIpmw,UgwY0wdDJRzHsTCnLbN4AaABAg,Qué rico come tu diputado,Quorum,UCE4rsXcgDb6e1-a9iTbWzfg,@amyherrera7352,UCXr8_5WtGeipe4haOoQDgyQ,"Ala! Que tipo necio y descarado!  Hipócrita!
Comen y después hablan de desnutrición! Que colmo!
Gracias por cumplir con el mandato periodístico!",@quorumgt/videos,channel,quorum_complete_comments.csv | youtube_guatemala_plus_comments.csv,/@amyherrera7352,hace 2 años, ,0,False,,/@amyherrera7352,0,"Ala! Que tipo necio y descarado!  Hipócrita!
Comen y después hablan de desnutrición! Que colmo!
Gracias por cumplir con el mandato periodístico!",,,,ala tipo necio descarar hipócrita comer después hablar desnutrición colmo gracia cumplir mandato periodístico
06mFNPU0aB8,UgwY2FW-3sBGV2CGxaJ4AaABAg,Capturan a presuntos delincuentes disfrazados de mujer señalados de cometer asalto,Noti7,UCVpSRoZgngfSL03Nlbjtq9A,@Historia-wm4os,UC_3xuTXvMIWU5MYP9HkJ3vQ,Excelente trabajo señores agentes que Dios me los cuide mucho,guatemala noticias,topic,youtube_guatemala_comments.csv | youtube_guatemala_plus_comments.csv,/@Historia-wm4os,hace 2 semanas,4,0,False,,/@Historia-wm4os,4,Excelente trabajo señores agentes que Dios me los cuide mucho,,,,excelente trabajo señor agente dios cuidar
n8iP75gIpmw,UgwYTL5-XYvmQxsC3Bt4AaABAg,Qué rico come tu diputado,Quorum,UCE4rsXcgDb6e1-a9iTbWzfg,@HaroldoCastillo-rh9iw,UCFjudnPLoaSL1BaRuLahyHg,"Estos siempre andan viendo como comen del pueblo. Si no les basta el sueldo, busquen otro trabajo y por qué lugares tan caros, porque no es su dinero...",@quorumgt/videos,channel,quorum_complete_comments.csv | youtube_guatemala_plus_comments.csv,/@HaroldoCastillo-rh9iw,hace 2 años,1,0,False,,/@HaroldoCastillo-rh9iw,1,"Estos siempre andan viendo como comen del pueblo. Si no les basta el sueldo, busquen otro trabajo y por qué lugares tan caros, porque no es su dinero...",,,,siempre andar ver comer pueblo si bastar sueldo buscar trabajo lugar tan caro dinero
n8iP75gIpmw,UgwYaHf9EYIl5Pf-y514AaABAg,Qué rico come tu diputado,Quorum,UCE4rsXcgDb6e1-a9iTbWzfg,@almacatalan2717,UC-pNP6RMFuLg_-x7Ah_0kEA,"Bien mentirosito ese diputado Nery Rodas, si tanto quiere a Guatemala que ellos paguen su almuerzo, porque el pueblo?",@quorumgt/videos,channel,quorum_complete_comments.csv | youtube_guatemala_plus_comments.csv,/@almacatalan2717,hace 2 años,5,0,False,,/@almacatalan2717,5,"Bien mentirosito ese diputado Nery Rodas, si tanto quiere a Guatemala que ellos paguen su almuerzo, porque el pueblo?",,,,bien mentirosito diputado nery roda si querer guatemala pagar almuerzo pueblo
PjmxCj-a9Hg,UgwZw9X6DpxCIJ6YkXZ4AaABAg,Conferencia de Prensa del Gobierno de Guatemala. #LaRondaGt,Gobierno de la República de Guatemala,UC-ZtFBHzgkYFh7whZkuR_Ag,@rosadiaz9235,UC1Y7x3h0c95Z8kUhi-Tzaeg,Siii por tanta corrupción;; ay mucha muerte como en colombia ;; y en Guatemala;; todo porque no ay personas con un corazón;; dispuesto a cuidar del país y sacar adelante;;;,@GobiernodeGuatemala,topic,PjmxCj-a9Hg_out_comments.csv | youtube_guatemala_plus_comments.csv,/@rosadiaz9235,hace 1 año, ,0,False,,/@rosadiaz9235,0,Siii por tanta corrupción;; ay mucha muerte como en colombia ;; y en Guatemala;; todo porque no ay personas con un corazón;; dispuesto a cuidar del país y sacar adelante;;;,,,,siii tanto corrupción ay mucho muerte colombia guatemala ay persona corazón disponer cuidar país sacar adelantar
OkXlHx0hx-8,Ugw_g00Bv3m-cnSxhMp4AaABAg,EE.UU. envía a mexicanos deportados a Guatemala antes de su regreso a México | Noticias Telemundo,Noticias Telemundo,UCRwA1NUcUnwsly35ikGhp0A,@marthareiss5434,UC1WlJfQmaIskYhP4gmWoamw,Que pena! Que la administración de Trump no ofrezca AMNISTÍA a los mexicanos u otros grupos de personas trabajadoras que ayudan a la mejora de este país. 😢,guatemala noticias,topic,youtube_guatemala_comments.csv | youtube_guatemala_plus_comments.csv,/@marthareiss5434,hace 1 día,2,1,False,,/@marthareiss5434,2,Que pena! Que la administración de Trump no ofrezca AMNISTÍA a los mexicanos u otros grupos de personas trabajadoras que ayudan a la mejora de este país. 😢,,,😢,pena administración trump ofrecer amnistía mexicano grupo persona trabajador ayudar mejora país
n8iP75gIpmw,Ugw_wfk-1nUcdyG3muZ4AaABAg,Qué rico come tu diputado,Quorum,UCE4rsXcgDb6e1-a9iTbWzfg,@isaaclopez7220,UC3MYTqpQqlWBuCB7Th0e0PA,"Me llega que saquen videos cortos porque el vídeo del programa de Con criterio es muy largo, pero vaya que es bueno",@quorumgt/videos,channel,quorum_complete_comments.csv | youtube_guatemala_plus_comments.csv,/@isaaclopez7220,hace 2 años,4,0,False,,/@isaaclopez7220,4,"Me llega que saquen videos cortos porque el vídeo del programa de Con criterio es muy largo, pero vaya que es bueno",,,,llegar sacar video corto vídeo programa criterio largo vaya bueno
j43HgwYFKfk,UgwaGYcI3FekgL1PZct4AaABAg,La cooptación de Walter Mazariegos en la USAC,Quorum,UCE4rsXcgDb6e1-a9iTbWzfg,@hendersonlopez3864,UCOcUI5XkTYNMSFhZNMIPpGg,"Urge convocar elecciones, los estudiantes estamos sufriendo con cada vez mas deficientes instalaciones, laboratorios y aulas. Ademas del abandono de Rectoria a las Facultades que siguen luchando contra su oposicion, o que se muestran renuentes a seguir sus ordenes, afectan directamente a los estudiantes, catedraticos, personal de servicios y limita su capacidad de brindar una educacion de calidad, y atender a la poblacion guatemalteca a travez de EPS y otros que ofrecen estas unidades academicas.",@quorumgt/videos,channel,quorum_complete_comments.csv | youtube_guatemala_plus_comments.csv,/@hendersonlopez3864,hace 1 año (editado),3,0,False,,/@hendersonlopez3864,3,"Urge convocar elecciones, los estudiantes estamos sufriendo con cada vez mas deficientes instalaciones, laboratorios y aulas. Ademas del abandono de Rectoria a las Facultades que siguen luchando contra su oposicion, o que se muestran renuentes a seguir sus ordenes, afectan directamente a los estudiantes, catedraticos, personal de servicios y limita su capacidad de brindar una educacion de calidad, y atender a la poblacion guatemalteca a travez de EPS y otros que ofrecen estas unidades academicas.",,,,urgir convocar elección estudiante sufrir cada vez mas deficiente instalación laboratorio aula adema abandono rectoria facultad seguir luchar oposicion mostrar renuente seguir ordenar afectar directamente estudiante catedraticos personal servicio limitar capacidad brindar educacion calidad atender poblacion guatemalteco travez eps ofrecer unidad academicas
n8iP75gIpmw,UgwaokeDKlLgSdqHpW94AaABAg,Qué rico come tu diputado,Quorum,UCE4rsXcgDb6e1-a9iTbWzfg,@OscarHernandez-q8y,UCOS8ViEkccrTZx2w2ccxotA,"Pero porque un desayuno de 250.00,  no habrá uno de 75.00?",@quorumgt/videos,channel,quorum_complete_comments.csv | youtube_guatemala_plus_comments.csv,/@OscarHernandez-q8y,hace 2 años,4,0,False,,/@OscarHernandez-q8y,4,"Pero porque un desayuno de 250.00,  no habrá uno de 75.00?",,,,desayuno
b_Hkrkl3adA,Ugwbnz3tRoBa7Vs3A3d4AaABAg,Bloqueos en Guatemala este 31 de agosto por alza en combustibles afectan rutas principales,PrensaLibreOficial,UCEepOY2svuxbsJ-zsAPT9Fg,@antonioduarte2288,UC3iIU62XKUOWuqL8BqBzj9A,Puro show esto solo para que los diputranzas les den su parte y autorizar subsidios al gas,guatemala noticias,topic,debug_comments_fixed2_comments.csv | youtube_guatemala_comments.csv | youtube_guatemala_plus_comments.csv,/@antonioduarte2288,hace 49 minutos, ,0,False,,/@antonioduarte2288,0,Puro show esto solo para que los diputranzas les den su parte y autorizar subsidios al gas,,,,puro show solo diputranzas dar parte autorizar subsidio gas
6W4u8sGEnGM,Ugwc0TMrFYylioxh_Sh4AaABAg,Inician los trabajos de recuperación del Puente Belice II.,Gobierno de la República de Guatemala,UC-ZtFBHzgkYFh7whZkuR_Ag,@albertoshernandez5251,UCV3fr-YOixFKCZBbJP1-X4w,Que viva viva el Presidente Bernardo Arevalo 🎉🎉👏🎉🎉,Gobierno de la República de Guatemala,topic,youtube_guatemala_plus_comments.csv | youtube_lab_targets_small_comments.csv,/@albertoshernandez5251,hace 6 días,3,0,False,,/@albertoshernandez5251,3,Que viva viva el Presidente Bernardo Arevalo 🎉🎉👏🎉🎉,,,🎉|🎉|👏|🎉|🎉,vivar vivar presidente bernardo arevalo
n8iP75gIpmw,UgwcF8V3__81jxC8Eh14AaABAg,Qué rico come tu diputado,Quorum,UCE4rsXcgDb6e1-a9iTbWzfg,@marcomendez7509,UCmjppp6ujz3SAnULvP3sZMw,pues quien le pidió que la guesiara para Diputado si será descarado seve que son unos Corruptos mientras el pueblo no tiene ni un Cinco u con eso le pagan a los Electores si serán Comen Cuando hay,@quorumgt/videos,channel,quorum_complete_comments.csv | youtube_guatemala_plus_comments.csv,/@marcomendez7509,hace 2 años, ,0,False,,/@marcomendez7509,0,pues quien le pidió que la guesiara para Diputado si será descarado seve que son unos Corruptos mientras el pueblo no tiene ni un Cinco u con eso le pagan a los Electores si serán Comen Cuando hay,,,,pues pedir guesiara diputado si descarar seve corrupto mientras pueblo cinco pagar elector si comer
lj983NWyAQY,UgwdC_aDdYB1wpgGNAt4AaABAg,Plan 2032 Ciudad de Guatemala,Municipalidad de Guatemala,UCXa6LVjBzUtmcM3cwbd9e2w,@FreddyGmez,UC5PyGvSfFM--OVKmQ3COu6g,Que belleza si se llegara a construir todos esos proyectos 💙👌,Municipalidad de Guatemala,topic,lj983NWyAQY_out_comments.csv | youtube_guatemala_plus_comments.csv,/@FreddyGmez,hace 7 años,3,0,False,,/@FreddyGmez,3,Que belleza si se llegara a construir todos esos proyectos 💙👌,,,💙|👌,belleza si llegar construir proyecto
n8iP75gIpmw,Ugwe0V0ssRP-r167Lzh4AaABAg,Qué rico come tu diputado,Quorum,UCE4rsXcgDb6e1-a9iTbWzfg,@isaiaslopezvelasquez1539,UCQqetiwzzmRNTM5OWuXarGQ,si no les gusta  renuncie,@quorumgt/videos,channel,quorum_complete_comments.csv | youtube_guatemala_plus_comments.csv,/@isaiaslopezvelasquez1539,hace 2 años,1,0,False,,/@isaiaslopezvelasquez1539,1,si no les gusta  renuncie,,,,si gustar renunciar
6W4u8sGEnGM,UgwgSP2G2qKwGGl5CSp4AaABAg,Inician los trabajos de recuperación del Puente Belice II.,Gobierno de la República de Guatemala,UC-ZtFBHzgkYFh7whZkuR_Ag,@albertoshernandez5251,UCV3fr-YOixFKCZBbJP1-X4w,EL PRESIDENTE BERNARDO AREVALO SI ES UN PRESIDENTE QUE QUIERE A SU PUEBLO Y AL PAIS DE GUATEMALA 👍 EL NO ES COMO LOS RATAS  PRESIDENTES ANTERIORES 🐭🐭ASI QUE TODO EL APOYO PARA EL PRESIDENTE BERNARDO AREVALO 👍 🎉👍🎉👍🎉👍🎉👍🎉👍,Gobierno de la República de Guatemala,topic,youtube_guatemala_plus_comments.csv | youtube_lab_targets_small_comments.csv,/@albertoshernandez5251,hace 6 días,3,0,False,,/@albertoshernandez5251,3,EL PRESIDENTE BERNARDO AREVALO SI ES UN PRESIDENTE QUE QUIERE A SU PUEBLO Y AL PAIS DE GUATEMALA 👍 EL NO ES COMO LOS RATAS  PRESIDENTES ANTERIORES 🐭🐭ASI QUE TODO EL APOYO PARA EL PRESIDENTE BERNARDO AREVALO 👍 🎉👍🎉👍🎉👍🎉👍🎉👍,,,👍|🐭|🐭|👍|🎉|👍|🎉|👍|🎉|👍|🎉|👍|🎉|👍,presidente bernardo arevalo si presidente querer pueblo pais guatemala rata presidente anterior asi apoyo presidente bernardo arevalo
n8iP75gIpmw,UgwgoKatyznihVvDVVd4AaABAg,Qué rico come tu diputado,Quorum,UCE4rsXcgDb6e1-a9iTbWzfg,@OsvaldoAguirre-l3i,UCCaYwkkbQGcvFoUmothVdQQ,Cuando los agarran con la manos en la masa ya ni Allan que decir estos buenos para nada! Solo para comer de gratis son buenos a que hijos de la gran patria! De Guatemala. Mantenidos estos corruptos solo para wuabiar son bueno.,@quorumgt/videos,channel,quorum_complete_comments.csv | youtube_guatemala_plus_comments.csv,/@OsvaldoAguirre-l3i,hace 2 años, ,0,False,,/@OsvaldoAguirre-l3i,0,Cuando los agarran con la manos en la masa ya ni Allan que decir estos buenos para nada! Solo para comer de gratis son buenos a que hijos de la gran patria! De Guatemala. Mantenidos estos corruptos solo para wuabiar son bueno.,,,,agarrar mano masa allan decir bueno solo comer gratis bueno hijo gran patria guatemala mantener corrupto solo wuabiar bueno
n8iP75gIpmw,UgwguqWom06c5opgpiF4AaABAg,Qué rico come tu diputado,Quorum,UCE4rsXcgDb6e1-a9iTbWzfg,@oscarnavas9996,UCQgYjVngJRfPHDLGB5X6ZjA,Sin vergüenza. Que no se vuelva a lanzar para diputado ladrón,@quorumgt/videos,channel,quorum_complete_comments.csv | youtube_guatemala_plus_comments.csv,/@oscarnavas9996,hace 2 años, ,0,False,,/@oscarnavas9996,0,Sin vergüenza. Que no se vuelva a lanzar para diputado ladrón,,,,vergüenza volver lanzar diputado ladrón
PjmxCj-a9Hg,UgwhphOY9n46ofElDut4AaABAg,Conferencia de Prensa del Gobierno de Guatemala. #LaRondaGt,Gobierno de la República de Guatemala,UC-ZtFBHzgkYFh7whZkuR_Ag,@danielantoniogonzalezflore4901,UCN2N_wYOw6fMwCeSzdXLPIw,Mejor saque a guatemala del parlacen y dejen de hablar de tsnta babosadas o ustedes van s ir avrefujiase al parlacen cuando salgan ese dinero que pagamos invertirlo en meducina sehan realustas por sus acciones nadie cree ya en nadie de ver que los gobiernos solo sirven para enriqueserse ya vasta,@GobiernodeGuatemala,topic,PjmxCj-a9Hg_out_comments.csv | youtube_guatemala_plus_comments.csv,/@danielantoniogonzalezflore4901,hace 1 año, ,0,False,,/@danielantoniogonzalezflore4901,0,Mejor saque a guatemala del parlacen y dejen de hablar de tsnta babosadas o ustedes van s ir avrefujiase al parlacen cuando salgan ese dinero que pagamos invertirlo en meducina sehan realustas por sus acciones nadie cree ya en nadie de ver que los gobiernos solo sirven para enriqueserse ya vasta,,,,mejor saque guatemala parlacen dejar hablar tsnta babosadas usted ir ir avrefujiase parlacen salgar dinero pagar invertirlo meducina sehan realustas accionar nadie creer nadie ver gobierno solo servir enriqueserse vasto
n8iP75gIpmw,UgwiGxmosawIyTVTjnB4AaABAg,Qué rico come tu diputado,Quorum,UCE4rsXcgDb6e1-a9iTbWzfg,@ErvinLeonardoCarreraLatín,UC9vMq1YF-e7C-VO0SHkbUTA,19:27 Basuras de diputados  artense  porque los que sufrieron  hambre serán saciados y los que se saciaron a costillas de los demás tendrán hambre y sed  de todo,@quorumgt/videos,channel,quorum_complete_comments.csv | youtube_guatemala_plus_comments.csv,/@ErvinLeonardoCarreraLat%C3%ADn,hace 2 años (editado), ,0,False,,/@ErvinLeonardoCarreraLatín,0,19:27 Basuras de diputados  artense  porque los que sufrieron  hambre serán saciados y los que se saciaron a costillas de los demás tendrán hambre y sed  de todo,,,,basura diputado artense sufrir hambre saciar saciar costilla demás hambre sed
n8iP75gIpmw,Ugwih8O9PeaJ_zd7FWV4AaABAg,Qué rico come tu diputado,Quorum,UCE4rsXcgDb6e1-a9iTbWzfg,@carmenr6311,UC8F2V63KZ4ZEay6opX2hAQw,"Los alimentos tienen k pagarlos d su sueldo como cualquier otro ciudadano k a pesar de el salario miserable pagan sus alimentos, segun entiendo ese señor  kiere k el pueblo le siga pagando ,si el trabaja haciéndose el pendejo como muchos otros k solo llegan a ocupar la silla y a bla bla hasta el momento no se ve k se trabaje en algo bueno para el pueblo a ese fulano k no esta contento con el alto sueldo k tienen por hacer nada ,k renuncie y k empleen a personas k realmente kieren hacer algo por el hambriento pueblo, braaavo seño por recordarle a ese inepto.,ellos ganan Q25,000 0 mas cuanto gana un médico, una enfermera,una profesora y esos siii trabajan especialmente los médicos.",@quorumgt/videos,channel,quorum_complete_comments.csv | youtube_guatemala_plus_comments.csv,/@carmenr6311,hace 2 años, ,0,False,,/@carmenr6311,0,"Los alimentos tienen k pagarlos d su sueldo como cualquier otro ciudadano k a pesar de el salario miserable pagan sus alimentos, segun entiendo ese señor  kiere k el pueblo le siga pagando ,si el trabaja haciéndose el pendejo como muchos otros k solo llegan a ocupar la silla y a bla bla hasta el momento no se ve k se trabaje en algo bueno para el pueblo a ese fulano k no esta contento con el alto sueldo k tienen por hacer nada ,k renuncie y k empleen a personas k realmente kieren hacer algo por el hambriento pueblo, braaavo seño por recordarle a ese inepto.,ellos ganan Q25,000 0 mas cuanto gana un médico, una enfermera,una profesora y esos siii trabajan especialmente los médicos.",,,,alimento pagarlos sueldo cualquiera ciudadano pesar salario miserable pagar alimento segun entender señor kiere pueblo seguir pagar si trabajar haciéndose pendejo solo llegar ocupar silla bla bla momento ve trabajar bueno pueblo fulano contento alto sueldo hacer renunciar emplear persona realmente kieren hacer hambriento pueblo braaavo señar recordarle inepto ganar q25 mas cuanto gana médico enfermero profesor siii trabajar especialmente médico
6W4u8sGEnGM,Ugwije36G_n35mshRfp4AaABAg,Inician los trabajos de recuperación del Puente Belice II.,Gobierno de la República de Guatemala,UC-ZtFBHzgkYFh7whZkuR_Ag,@rosaoliva9389,UCheEJ5GZuIvV0fj-nXyVwXw,Gracias por concluir lo q otros empiezan y no terminan,Gobierno de la República de Guatemala,topic,youtube_guatemala_plus_comments.csv | youtube_lab_targets_small_comments.csv,/@rosaoliva9389,hace 2 días, ,0,False,,/@rosaoliva9389,0,Gracias por concluir lo q otros empiezan y no terminan,,,,gracia concluir empezar terminar
n8iP75gIpmw,UgwjKxflp7TiD0e7_494AaABAg,Qué rico come tu diputado,Quorum,UCE4rsXcgDb6e1-a9iTbWzfg,@victorarturoruanobautista7588,UCujPF2nBgsTD62nWE3lcpIg,Que se les quite todos los privilegios lo que pasa no les gusta,@quorumgt/videos,channel,quorum_complete_comments.csv | youtube_guatemala_plus_comments.csv,/@victorarturoruanobautista7588,hace 1 año, ,0,False,,/@victorarturoruanobautista7588,0,Que se les quite todos los privilegios lo que pasa no les gusta,,,,quite privilegio pasa gustar
n8iP75gIpmw,Ugwjtq_DUb6ISU-ppsh4AaABAg,Qué rico come tu diputado,Quorum,UCE4rsXcgDb6e1-a9iTbWzfg,@byronpontaza,UChs3tU2BcKOT0CezykvAsGw,"Estoy seguro que si a los conductores los envían a hacer un trabajo a un departamento y les dan viáticos, buscan Buenos restaurantes para ir a comer y no se van al mercado",@quorumgt/videos,channel,quorum_complete_comments.csv | youtube_guatemala_plus_comments.csv,/@byronpontaza,hace 2 años,1,0,False,,/@byronpontaza,1,"Estoy seguro que si a los conductores los envían a hacer un trabajo a un departamento y les dan viáticos, buscan Buenos restaurantes para ir a comer y no se van al mercado",,,,seguro si conductor enviar hacer trabajo departamento dar viático buscar bueno restaurante ir comer ir mercado
n8iP75gIpmw,UgwkiP4fW1xfpXbZcV14AaABAg,Qué rico come tu diputado,Quorum,UCE4rsXcgDb6e1-a9iTbWzfg,@BenjaminLarios-jd8nk,UCV0iizTBoOfdAFX_thfI9BA,Lo que este diputado ase por el paiz es robarle  al paiz   porque otro beneficio que tiene el paiz  con ellos nada,@quorumgt/videos,channel,quorum_complete_comments.csv | youtube_guatemala_plus_comments.csv,/@BenjaminLarios-jd8nk,hace 2 años, ,0,False,,/@BenjaminLarios-jd8nk,0,Lo que este diputado ase por el paiz es robarle  al paiz   porque otro beneficio que tiene el paiz  con ellos nada,,,,diputado asar paiz robarle paiz beneficio paiz
6W4u8sGEnGM,Ugwm9VajlW3ydbsf-BJ4AaABAg,Inician los trabajos de recuperación del Puente Belice II.,Gobierno de la República de Guatemala,UC-ZtFBHzgkYFh7whZkuR_Ag,@robertoescobar5507,UCp29O_C7cchZV8IxV7Crdag,Excelente.,Gobierno de la República de Guatemala,topic,youtube_guatemala_plus_comments.csv | youtube_lab_targets_small_comments.csv,/@robertoescobar5507,hace 3 días, ,0,False,,/@robertoescobar5507,0,Excelente.,,,,excelente
yLZS3JiEBg8,UgwmvtMMEFg5rWbrmtV4AaABAg,Arroz con pollo a la MONOPOLIO,Quorum,UCE4rsXcgDb6e1-a9iTbWzfg,@11223344An,UCkxdJ_yGN2gghOMo2ybQtXQ,Y no olvidemos y quizá el más cruel. Las farmacéuticas con las medicinas,@quorumgt/videos,channel,quorum_complete_comments.csv | youtube_guatemala_plus_comments.csv,/@11223344An,hace 2 años,1,0,False,,/@11223344An,1,Y no olvidemos y quizá el más cruel. Las farmacéuticas con las medicinas,,,,olvidar quizá cruel farmacéutico medicina
6W4u8sGEnGM,UgwnCwptihjhFCfQK_l4AaABAg,Inician los trabajos de recuperación del Puente Belice II.,Gobierno de la República de Guatemala,UC-ZtFBHzgkYFh7whZkuR_Ag,@franciscoflores3120,UCjZgFEowMBrsjodqfovzdKw,Pero  sería bueno que  le cambien  nombre,Gobierno de la República de Guatemala,topic,youtube_guatemala_plus_comments.csv | youtube_lab_targets_small_comments.csv,/@franciscoflores3120,hace 4 días, ,0,False,,/@franciscoflores3120,0,Pero  sería bueno que  le cambien  nombre,,,,bueno cambiar nombre
n8iP75gIpmw,UgwopmNYOXxE5kyT7fF4AaABAg,Qué rico come tu diputado,Quorum,UCE4rsXcgDb6e1-a9iTbWzfg,@hugoasencio7764,UC4wq3DcbfaG6dtCqn8Oyu3w,Ya viste Nery más de lo mismo.,@quorumgt/videos,channel,quorum_complete_comments.csv | youtube_guatemala_plus_comments.csv,/@hugoasencio7764,hace 2 años,1,0,False,,/@hugoasencio7764,1,Ya viste Nery más de lo mismo.,,,,vestir nery mismo
ndAZjHqzzT8,UgwovhZaCiV0r6XOH_R4AaABAg,Internet: escoger el menos malo,Quorum,UCE4rsXcgDb6e1-a9iTbWzfg,@rwdm76,UCVC2QugcI1G4RvlCiUqd1aQ,excelente,@quorumgt/videos,channel,quorum_complete_comments.csv | youtube_guatemala_plus_comments.csv,/@rwdm76,hace 1 año, ,0,False,,/@rwdm76,0,excelente,,,,excelente
yLZS3JiEBg8,UgwoyDvqZ6NlBCvXB7t4AaABAg,Arroz con pollo a la MONOPOLIO,Quorum,UCE4rsXcgDb6e1-a9iTbWzfg,@herminiasaquimux7565,UCXVLc8CmAO813ubM-fLvCDw,"Ahora comprendí porque los cañeros y grupo cacif, estan contra la ley de competencia y siguen tratando de impedir su discusión en el legislativo.",@quorumgt/videos,channel,quorum_complete_comments.csv | youtube_guatemala_plus_comments.csv,/@herminiasaquimux7565,hace 2 años,7,0,False,,/@herminiasaquimux7565,7,"Ahora comprendí porque los cañeros y grupo cacif, estan contra la ley de competencia y siguen tratando de impedir su discusión en el legislativo.",,,,ahora comprender cañeros grupo cacif estar ley competencia seguir tratar impedir discusión legislativo
n8iP75gIpmw,Ugwp1SacIqA0qS_netd4AaABAg,Qué rico come tu diputado,Quorum,UCE4rsXcgDb6e1-a9iTbWzfg,@TeresaLucero-b5o,UCwW2OFy95P7ZBkOPxWkpvYg,No se justifica nada... es su obligación trabajar...,@quorumgt/videos,channel,quorum_complete_comments.csv | youtube_guatemala_plus_comments.csv,/@TeresaLucero-b5o,hace 2 años,1,0,False,,/@TeresaLucero-b5o,1,No se justifica nada... es su obligación trabajar...,,,,justificar obligación trabajar
n8iP75gIpmw,UgwpY9PE_PBfwa2_g_N4AaABAg,Qué rico come tu diputado,Quorum,UCE4rsXcgDb6e1-a9iTbWzfg,@marioajset4283,UC3XTwHxygNCgjndsg-UiCQA,"Repito como siempre, cuantas horas hombre de trabajo se pagan por el cansancio y fatiga del pueblo que hacen productivo al país y que generan renta gravada para los contribuyentes, solo para que estos infelices se den estos gustos.",@quorumgt/videos,channel,quorum_complete_comments.csv | youtube_guatemala_plus_comments.csv,/@marioajset4283,hace 2 años,1,0,False,,/@marioajset4283,1,"Repito como siempre, cuantas horas hombre de trabajo se pagan por el cansancio y fatiga del pueblo que hacen productivo al país y que generan renta gravada para los contribuyentes, solo para que estos infelices se den estos gustos.",,,,repetir siempre cuanto hora hombre trabajo pagar cansancio fatiga pueblo hacer productivo país generar renta gravar contribuyente solo infeliz dar gusto
j43HgwYFKfk,Ugwqsca_nj4eGguiyTJ4AaABAg,La cooptación de Walter Mazariegos en la USAC,Quorum,UCE4rsXcgDb6e1-a9iTbWzfg,@marlenareano-h4t,UCgQw_Sbq3ugruDUKsq1e0-A,"buen reportaje, tristeza da q la USAC este coptada por esos corruptos.",@quorumgt,topic,j43HgwYFKfk_out_comments.csv | quorum_complete_comments.csv | youtube_guatemala_plus_comments.csv,/@marlenareano-h4t,hace 6 meses, ,0,False,,/@marlenareano-h4t,0,"buen reportaje, tristeza da q la USAC este coptada por esos corruptos.",,,,bueno reportaje tristeza dar usac coptada corrupto
n8iP75gIpmw,UgwrIvqGid-S983oU9J4AaABAg,Qué rico come tu diputado,Quorum,UCE4rsXcgDb6e1-a9iTbWzfg,@raquelprado3643,UCL13XhnRzbGokEkCkEOb0-g,Por querer justificarse le sacaron a luz sus artadas a costillas del pobre pueblo de Guatemala,@quorumgt/videos,channel,quorum_complete_comments.csv | youtube_guatemala_plus_comments.csv,/@raquelprado3643,hace 2 años,1,0,False,,/@raquelprado3643,1,Por querer justificarse le sacaron a luz sus artadas a costillas del pobre pueblo de Guatemala,,,,querer justificarse sacar luz artadas costilla pobre pueblo guatemala
n8iP75gIpmw,UgwsCWap2Jq1pNrLOWl4AaABAg,Qué rico come tu diputado,Quorum,UCE4rsXcgDb6e1-a9iTbWzfg,@MacarioMartinezruiz,UCQtSFINs1h6GHkpg9o5kMvg,Lo felicito  periodista de alto valor por decirle la verdad al diputado Rodas,@quorumgt/videos,channel,quorum_complete_comments.csv | youtube_guatemala_plus_comments.csv,/@MacarioMartinezruiz,hace 2 años,12,0,False,,/@MacarioMartinezruiz,12,Lo felicito  periodista de alto valor por decirle la verdad al diputado Rodas,,,,felicitar periodista alto valor decirle verdad diputado roda
06mFNPU0aB8,UgwtcR5U0FAkeZsiVVt4AaABAg,Capturan a presuntos delincuentes disfrazados de mujer señalados de cometer asalto,Noti7,UCVpSRoZgngfSL03Nlbjtq9A,@juliohernandez7438,UC2ngpd8UBQu4gcUYy0goAtg,Metanlos a la carcel y como se bisten de mujer que les echen chuso por maricones,guatemala noticias,topic,youtube_guatemala_comments.csv | youtube_guatemala_plus_comments.csv,/@juliohernandez7438,hace 2 semanas, ,0,False,,/@juliohernandez7438,0,Metanlos a la carcel y como se bisten de mujer que les echen chuso por maricones,,,,metanlos carcel bisten mujer echar chuso maricón
PjmxCj-a9Hg,Ugwvm2HYh08HI1HkcXV4AaABAg,Conferencia de Prensa del Gobierno de Guatemala. #LaRondaGt,Gobierno de la República de Guatemala,UC-ZtFBHzgkYFh7whZkuR_Ag,@Burgos68,UC7IMsCxfZyWN7YQo8-JYa6Q,"Muchísimas gracias Sr. y excelentísimo Presidente Constitucional de la República de Guatemala,  por trabajar enormemente por todos los ciudadanos y también por unir sus esfuerzos con el Gobierno de los Estados Unidos Mexicanos,  porque el Turismo va hacer el mejor puente para incrementar la economía de todas aquellas personas al rededor del mundo, que quieran conocer más de esta cultura Maya compartida y la cual nos hace sentirnos hermanos con ese gran país. MÉXICO Y GUATEMALA UNIDOS POR SIEMPRE 💕",@GobiernodeGuatemala,topic,PjmxCj-a9Hg_out_comments.csv | youtube_guatemala_plus_comments.csv,/@Burgos68,hace 1 año (editado),1,0,False,,/@Burgos68,1,"Muchísimas gracias Sr. y excelentísimo Presidente Constitucional de la República de Guatemala,  por trabajar enormemente por todos los ciudadanos y también por unir sus esfuerzos con el Gobierno de los Estados Unidos Mexicanos,  porque el Turismo va hacer el mejor puente para incrementar la economía de todas aquellas personas al rededor del mundo, que quieran conocer más de esta cultura Maya compartida y la cual nos hace sentirnos hermanos con ese gran país. MÉXICO Y GUATEMALA UNIDOS POR SIEMPRE 💕",,,💕,muchísimas gracia sr excelentísimo presidente constitucional república guatemala trabajar enormemente ciudadano unir esfuerzo gobierno unir mexicano turismo ir hacer mejor puente incrementar economía todo aquel persona rededor mundo querer conocer cultura maya compartir hacer sentirnos hermano gran país méxico guatemala unir siempre
n8iP75gIpmw,UgwvvK1L0aLOhCMUzfN4AaABAg,Qué rico come tu diputado,Quorum,UCE4rsXcgDb6e1-a9iTbWzfg,@GilmarMaldonado-q9m,UCzSfZlOVxBSs5ObD25ywxDQ,Y haci vienen corriéndo para que él pueblo voté por ustedes no piensan en él pueblo que está sufriendo por un sueldo minusioso partida de ladrones corruptos hijos de la fiscal nietos de giamatey hijastros de Miguel Martínez sinó gana en el congreso renuncien también aprueben la ley para sacar ala fiscal aganlo,@quorumgt/videos,channel,quorum_complete_comments.csv | youtube_guatemala_plus_comments.csv,/@GilmarMaldonado-q9m,hace 2 años, ,0,False,,/@GilmarMaldonado-q9m,0,Y haci vienen corriéndo para que él pueblo voté por ustedes no piensan en él pueblo que está sufriendo por un sueldo minusioso partida de ladrones corruptos hijos de la fiscal nietos de giamatey hijastros de Miguel Martínez sinó gana en el congreso renuncien también aprueben la ley para sacar ala fiscal aganlo,,,,haci venir corriéndo pueblo votar usted pensar pueblo sufrir sueldo minusioso partida ladrón corrupto hijo fiscal nieto giamatey hijastro miguel martínez sinó gana congreso renunciar aprobar ley sacar ala fiscal aganlo
n8iP75gIpmw,UgwwH4OIcVCCN6SbBX14AaABAg,Qué rico come tu diputado,Quorum,UCE4rsXcgDb6e1-a9iTbWzfg,@kanterra4584,UCLFdHr9BEbXHkoJopbEPLZw,"Deberían ir a comer al mercado central les queda cerca, llegan a pie y contribuyen con la pequeña empresa.
Ir a donde van y pagar con dinero de los tributos es lujurioso e insulta al pueblo soberano.",@quorumgt/videos,channel,quorum_complete_comments.csv | youtube_guatemala_plus_comments.csv,/@kanterra4584,hace 2 años,13,0,False,,/@kanterra4584,13,"Deberían ir a comer al mercado central les queda cerca, llegan a pie y contribuyen con la pequeña empresa.
Ir a donde van y pagar con dinero de los tributos es lujurioso e insulta al pueblo soberano.",,,,deber ir comer mercado central queda cerca llegar pie contribuir pequeño empresa ir ir pagar dinero tributo lujurioso insultar pueblo soberano
n8iP75gIpmw,UgwwKfLmhHVU-Oxzqtl4AaABAg,Qué rico come tu diputado,Quorum,UCE4rsXcgDb6e1-a9iTbWzfg,@vanigomez492,UCNkcuy42zEwddwEcOd_HpnA,"No justifico lo del diputado, pero quisiera ver una entrevista similar en la administración anterior, ahí no! Porq tambien a los d con criterio les salpicaba la corrupción",@quorumgt/videos,channel,quorum_complete_comments.csv | youtube_guatemala_plus_comments.csv,/@vanigomez492,hace 2 años,3,0,False,,/@vanigomez492,3,"No justifico lo del diputado, pero quisiera ver una entrevista similar en la administración anterior, ahí no! Porq tambien a los d con criterio les salpicaba la corrupción",,,,justificar diputado querer ver entrevistar similar administración anterior ahí porq tambien criterio salpicar corrupción
ndAZjHqzzT8,UgwwPrhCy2levkb6TRd4AaABAg,Internet: escoger el menos malo,Quorum,UCE4rsXcgDb6e1-a9iTbWzfg,@ULJoshmg2011,UCJp3OrVYcBorC94sKwdch_A,"Otro detalle muy interesante es para la mayoría que usamos líneas prepago; hay muchos abusos por parte de las empresas, una de ellas por ejemplo te roba el saldo cuando haces una recarga sin haberte asignado ningún paquete; aluden a que sino te asignas un paquete el consumo del saldo corre si usas internet; una recarga de Q100 se consume en 5 min.  Esto no está regulado  la verdad en Guate; la otra compañía es más legal en esto; almenos no te permite navegar sino has asignado paquete. El monopolio nunca será nada bueno, en mi caso opté por quitar cable y servicios asociados tuve demasiados abusos, cobros anticipados,  costos  muy altos y final quedas indefenso. Solo opté por un prepago para Internet lo mínimo necesario, para poder ver YouTube. No consumimos nada más, dejamos de ver TV desde la pandemia, es mejor leer y escuchar la radio, no hay que darles gusto a estas empresas que abusan y roban.  Los que puedan tener internet satelital los felicito es mejor que la corrupcion de las dos empresas  actuales.",@quorumgt/videos,channel,quorum_complete_comments.csv | youtube_guatemala_plus_comments.csv,/@ULJoshmg2011,hace 1 año, ,0,False,,/@ULJoshmg2011,0,"Otro detalle muy interesante es para la mayoría que usamos líneas prepago; hay muchos abusos por parte de las empresas, una de ellas por ejemplo te roba el saldo cuando haces una recarga sin haberte asignado ningún paquete; aluden a que sino te asignas un paquete el consumo del saldo corre si usas internet; una recarga de Q100 se consume en 5 min.  Esto no está regulado  la verdad en Guate; la otra compañía es más legal en esto; almenos no te permite navegar sino has asignado paquete. El monopolio nunca será nada bueno, en mi caso opté por quitar cable y servicios asociados tuve demasiados abusos, cobros anticipados,  costos  muy altos y final quedas indefenso. Solo opté por un prepago para Internet lo mínimo necesario, para poder ver YouTube. No consumimos nada más, dejamos de ver TV desde la pandemia, es mejor leer y escuchar la radio, no hay que darles gusto a estas empresas que abusan y roban.  Los que puedan tener internet satelital los felicito es mejor que la corrupcion de las dos empresas  actuales.",,,,detalle interesante mayoría usar línea prepago abuso parte empresa ejemplo robar saldo hacer recarga haberte asignado ninguno paquete aludir sino asignar paquete consumo saldo correr si usar internet recarga q100 consumar minuto regular verdad guate compañía legal almenos permitir navegar sino asignado paquete monopolio nunca bueno caso optar quitar cable servicio asociado demasiado abuso cobro anticipar costo alto final queda indefenso solo optar prepago internet mínimo necesario poder ver youtube consumir dejar ver tv pandemia mejor leer escuchar radio darles gusto empresa abusar robar poder tener internet satelital felicitar mejor corrupcion dos empresa actual
is3Mk5oC19g,UgwxjmtBoAozs0ZUAcd4AaABAg,Capturan a ladrón que había quedado grabado mientras robaba en una parroquia de Retalhuleu,TN23 Guatemala,UCt5Dw7ePnn0AqPqRF8Xpjkw,@MarcosCarillo-b1r,UCdFlugHJJa4l3YqWuNRmvXw,Al que tienen que enjuiciar es al comparator por comparator obgwtos robados,guatemala noticias,topic,youtube_guatemala_comments.csv | youtube_guatemala_plus_comments.csv,/@MarcosCarillo-b1r,hace 1 día, ,1,False,,/@MarcosCarillo-b1r,0,Al que tienen que enjuiciar es al comparator por comparator obgwtos robados,,,,enjuiciar comparator comparator obgwtos robar
is3Mk5oC19g,UgwxjmtBoAozs0ZUAcd4AaABAg.AaAbqoGVGipAaAjNG9oPRN,Capturan a ladrón que había quedado grabado mientras robaba en una parroquia de Retalhuleu,TN23 Guatemala,UCt5Dw7ePnn0AqPqRF8Xpjkw,@JoelReynoso-d4r,UCLh1Kde4_vI1sTZBkTNP7RQ,que?,guatemala noticias,topic,youtube_guatemala_comments.csv | youtube_guatemala_plus_comments.csv,/@JoelReynoso-d4r,hace 1 día, ,0,False,,/@JoelReynoso-d4r,0,que?,,,,
n8iP75gIpmw,UgwypjUeZBU45DrrW0d4AaABAg,Qué rico come tu diputado,Quorum,UCE4rsXcgDb6e1-a9iTbWzfg,@thelmamoran8565,UCThW2XNsAaBKme5PUt7n-Zg,Yo no entiendo por qué están ahorita con todas estas cosas por qué no lo hacían cuando estaban los corruptos Alvaro Arzú Alan Rodríguez. La señora está evangélica que acaba de salir no entiendo por qué no les decían eso a ellos porque tiene que ser hasta ahora es tonto,@quorumgt/videos,channel,quorum_complete_comments.csv | youtube_guatemala_plus_comments.csv,/@thelmamoran8565,hace 2 años, ,0,False,,/@thelmamoran8565,0,Yo no entiendo por qué están ahorita con todas estas cosas por qué no lo hacían cuando estaban los corruptos Alvaro Arzú Alan Rodríguez. La señora está evangélica que acaba de salir no entiendo por qué no les decían eso a ellos porque tiene que ser hasta ahora es tonto,,,,entender ahorita todo cosa hacer corrupto alvaro arzú alan rodríguez señor evangélico acabar salir entender decir ser ahora tonto
n8iP75gIpmw,Ugwz_6qtdDTbTWEUQQ94AaABAg,Qué rico come tu diputado,Quorum,UCE4rsXcgDb6e1-a9iTbWzfg,@maxwellsales885,UC6YSZqL0vEcI-niPKIMUGfw,"Ni el mismo lo cree, estos son sinverguenzas y se pasan de pija, cómo se sentirá la familia tener a alguien mañoso, mafioso, sin vergüenza como marido y como padre, es triste",@quorumgt/videos,channel,quorum_complete_comments.csv | youtube_guatemala_plus_comments.csv,/@maxwellsales885,hace 2 años,2,0,False,,/@maxwellsales885,2,"Ni el mismo lo cree, estos son sinverguenzas y se pasan de pija, cómo se sentirá la familia tener a alguien mañoso, mafioso, sin vergüenza como marido y como padre, es triste",,,,mismo creer sinverguenzas pasar pijo cómo sentir familia tener alguien mañoso mafioso vergüenza marido padre triste
n8iP75gIpmw,Ugx-G2kCu5aSwh3IR5l4AaABAg,Qué rico come tu diputado,Quorum,UCE4rsXcgDb6e1-a9iTbWzfg,@LE_A22,UCNBnKqWf4d-rS4HwJRQljmQ,"Y CUANDO VAN HABLAR DE LOS GASTOS DEL PRESIDENTE? La carne la bomba de la piscina los salarios exagerados,los aumentos incluso el nepotismo? ó a él no? De él no se puede hablar? Los regañan?",@quorumgt/videos,channel,quorum_complete_comments.csv | youtube_guatemala_plus_comments.csv,/@LE_A22,hace 2 años,1,0,False,,/@LE_A22,1,"Y CUANDO VAN HABLAR DE LOS GASTOS DEL PRESIDENTE? La carne la bomba de la piscina los salarios exagerados,los aumentos incluso el nepotismo? ó a él no? De él no se puede hablar? Los regañan?",,,,ir hablar gasto presidente carne bomba piscina salario exagerar aumento incluso nepotismo poder hablar regañar
06mFNPU0aB8,Ugx-cQ3Wf3whk_hssDR4AaABAg,Capturan a presuntos delincuentes disfrazados de mujer señalados de cometer asalto,Noti7,UCVpSRoZgngfSL03Nlbjtq9A,@elsalvador3605,UCO0zwwLWGyDgQmWPJ5Qrr1w,Por qué siempre tapan la cara de los delincuentes,guatemala noticias,topic,youtube_guatemala_comments.csv | youtube_guatemala_plus_comments.csv,/@elsalvador3605,hace 2 semanas,3,0,False,,/@elsalvador3605,3,Por qué siempre tapan la cara de los delincuentes,,,,siempre tapar cara delincuente
j43HgwYFKfk,Ugx-hH6Ysw9sdv3kHPN4AaABAg,La cooptación de Walter Mazariegos en la USAC,Quorum,UCE4rsXcgDb6e1-a9iTbWzfg,@Silviazea,UCwjUvRseNtJoItylIyIez7Q,¡Fuera esa basura de mazariegos!,@quorumgt/videos,channel,quorum_complete_comments.csv | youtube_guatemala_plus_comments.csv,/@Silviazea,hace 1 año, ,0,False,,/@Silviazea,0,¡Fuera esa basura de mazariegos!,,,,basura mazariegos
n8iP75gIpmw,Ugx1reCoIQcnK3ii2GR4AaABAg,Qué rico come tu diputado,Quorum,UCE4rsXcgDb6e1-a9iTbWzfg,@SuperVictor2005,UCTwSut16JyAg3mX6LVUNGqA,"Que gasten todo lo que les pegue la regalada gana, siempre y cuando que lo paguen con su mismo sueldo o dinero como cualquier empleado público, lo que no es admisible es  que estas ratas solo se recetan estos mega gastos por un almuerzo, porque ellos mismos se los permiten.
Ya basta!!! Asi como estos diputados, PNC de la capital, entre otros empleados públicos selectos tengan privilegios de esta naturaleza, mientras que otros tienen que costear transporte, alimentación, internet, entre otras cosas con su propio sueldo o dinero.",@quorumgt/videos,channel,quorum_complete_comments.csv | youtube_guatemala_plus_comments.csv,/@SuperVictor2005,hace 2 años, ,0,False,,/@SuperVictor2005,0,"Que gasten todo lo que les pegue la regalada gana, siempre y cuando que lo paguen con su mismo sueldo o dinero como cualquier empleado público, lo que no es admisible es  que estas ratas solo se recetan estos mega gastos por un almuerzo, porque ellos mismos se los permiten.
Ya basta!!! Asi como estos diputados, PNC de la capital, entre otros empleados públicos selectos tengan privilegios de esta naturaleza, mientras que otros tienen que costear transporte, alimentación, internet, entre otras cosas con su propio sueldo o dinero.",,,,gastar pegar regalar gana siempre pagar mismo sueldo dinero cualquiera empleado público admisible rata solo recetar mega gasto almuerzo mismo permitir bastar asi diputado pnc capital empleado público selecto privilegio naturaleza mientras costear transporte alimentación internet cosa propio sueldo dinero
n8iP75gIpmw,Ugx2ApaAMqe4ca4SCYx4AaABAg,Qué rico come tu diputado,Quorum,UCE4rsXcgDb6e1-a9iTbWzfg,@guillermogonzalez5153,UCLggDc_a5HriXv7I1h02sOA,"Hablemos de cosas relevantes,,,,y No de lo irrelevantes......jajajajaja",@quorumgt/videos,channel,quorum_complete_comments.csv | youtube_guatemala_plus_comments.csv,/@guillermogonzalez5153,hace 2 años,3,0,False,,/@guillermogonzalez5153,3,"Hablemos de cosas relevantes,,,,y No de lo irrelevantes......jajajajaja",,,,hablar cosa relevante irrelevante jajajajaja
n8iP75gIpmw,Ugx2LwWBVc3mFGJAinB4AaABAg,Qué rico come tu diputado,Quorum,UCE4rsXcgDb6e1-a9iTbWzfg,@ManuelEdran,UC5H8ASmMC9WrURmzeB4ySog,Ya es calor...jejej,@quorumgt/videos,channel,quorum_complete_comments.csv | youtube_guatemala_plus_comments.csv,/@ManuelEdran,hace 2 años,2,0,False,,/@ManuelEdran,2,Ya es calor...jejej,,,,calor jejej
n8iP75gIpmw,Ugx2byJzZBZkDMQMUqV4AaABAg,Qué rico come tu diputado,Quorum,UCE4rsXcgDb6e1-a9iTbWzfg,@ricardofigueroa5720,UCwO2SXr0ggzwg6QWWrr01nQ,No se le cree nada a ese diputransa,@quorumgt/videos,channel,quorum_complete_comments.csv | youtube_guatemala_plus_comments.csv,/@ricardofigueroa5720,hace 2 años,11,0,False,,/@ricardofigueroa5720,11,No se le cree nada a ese diputransa,,,,creer diputransa
j43HgwYFKfk,Ugx3uDgmZQhx3Z3VOzt4AaABAg,La cooptación de Walter Mazariegos en la USAC,Quorum,UCE4rsXcgDb6e1-a9iTbWzfg,@ingenieroar,UC816IGbFCZinfYS1LRDaaHg,mapa de poder USAC,@quorumgt/videos,channel,quorum_complete_comments.csv | youtube_guatemala_plus_comments.csv,/@ingenieroar,hace 1 año,1,0,False,,/@ingenieroar,1,mapa de poder USAC,,,,mapa poder usac
n8iP75gIpmw,Ugx3yIUZXGeiOVESIEl4AaABAg,Qué rico come tu diputado,Quorum,UCE4rsXcgDb6e1-a9iTbWzfg,@VICTOREST19,UC3qn1yJA5PeW9rkGPatQxiw,Que ese diputado que muestre la factura donde diga que de su bolsillo fue pagado??,@quorumgt/videos,channel,quorum_complete_comments.csv | youtube_guatemala_plus_comments.csv,/@VICTOREST19,hace 2 años,7,0,False,,/@VICTOREST19,7,Que ese diputado que muestre la factura donde diga que de su bolsillo fue pagado??,,,,diputado mostrar factura decir bolsillo pagar
6W4u8sGEnGM,Ugx4dn4xlUl9Jp9QJeJ4AaABAg,Inician los trabajos de recuperación del Puente Belice II.,Gobierno de la República de Guatemala,UC-ZtFBHzgkYFh7whZkuR_Ag,@elmilenial4064,UCaT4saRcyqCLE657Rq2hhZQ,Tio berny presidente 2032😁,Gobierno de la República de Guatemala,topic,youtube_guatemala_plus_comments.csv | youtube_lab_targets_small_comments.csv,/@elmilenial4064,hace 5 días (editado), ,0,False,,/@elmilenial4064,0,Tio berny presidente 2032😁,,,😁,tio berny presidente
yLZS3JiEBg8,Ugx6Wjc02tqpQUBf4NJ4AaABAg,Arroz con pollo a la MONOPOLIO,Quorum,UCE4rsXcgDb6e1-a9iTbWzfg,@rockyscarlet,UCc_F88PzGWtA1OPNUEASulA,Los hipócritas de la ufm todavía alaban a Milei. Lo primero que haría sería quitar todas las trabas que impiden el libre mercado.,@quorumgt/videos,channel,quorum_complete_comments.csv | youtube_guatemala_plus_comments.csv,/@rockyscarlet,hace 2 años, ,0,False,,/@rockyscarlet,0,Los hipócritas de la ufm todavía alaban a Milei. Lo primero que haría sería quitar todas las trabas que impiden el libre mercado.,,,,hipócrita ufm todavía alabar milei primero hacer quitar todo trabar impedir libre mercado
n8iP75gIpmw,Ugx74OPnWkWaFjpFuA94AaABAg,Qué rico come tu diputado,Quorum,UCE4rsXcgDb6e1-a9iTbWzfg,@dorisl.garciaroche7763,UCErZPJpHmLCsXs8ZWkAUupQ,"Y será que si ya no se diera esa facilidad de efectivo para gastos de ese tipo, les interesaría seguir siendo diputados. O es por ese estilo de vida lo que les llama la atención ser diputados.",@quorumgt/videos,channel,quorum_complete_comments.csv | youtube_guatemala_plus_comments.csv,/@dorisl.garciaroche7763,hace 2 años,2,1,False,,/@dorisl.garciaroche7763,2,"Y será que si ya no se diera esa facilidad de efectivo para gastos de ese tipo, les interesaría seguir siendo diputados. O es por ese estilo de vida lo que les llama la atención ser diputados.",,,,si dar facilidad efectivo gasto tipo interesar seguir ser diputado estilo vida llama atención ser diputado
n8iP75gIpmw,Ugx74OPnWkWaFjpFuA94AaABAg.A7ki-1ED5b2A7nIcG2_svP,Qué rico come tu diputado,Quorum,UCE4rsXcgDb6e1-a9iTbWzfg,@HaroldoCastillo-rh9iw,UCFjudnPLoaSL1BaRuLahyHg,Cierto.,@quorumgt/videos,channel,quorum_complete_comments.csv | youtube_guatemala_plus_comments.csv,/@HaroldoCastillo-rh9iw,hace 2 años,1,0,False,,/@HaroldoCastillo-rh9iw,1,Cierto.,,,,cierto
lj983NWyAQY,Ugx7Gvgflw7nQKqoR094AaABAg,Plan 2032 Ciudad de Guatemala,Municipalidad de Guatemala,UCXa6LVjBzUtmcM3cwbd9e2w,@arielsarc09,UCFOxCyF926Y9eHhMeVoWLzw,"De todo corazon espero que se cumplan todos estos proyectos por el bien de mi gente linda, Dios bendiga a Guatemala.",Municipalidad de Guatemala,topic,lj983NWyAQY_out_comments.csv | youtube_guatemala_plus_comments.csv,/@arielsarc09,hace 6 años (editado),3,0,False,,/@arielsarc09,3,"De todo corazon espero que se cumplan todos estos proyectos por el bien de mi gente linda, Dios bendiga a Guatemala.",,,,corazon esperar cumplir proyecto bien gente lindar dios bendecir guatemala
n8iP75gIpmw,Ugx7ezRwB-DpY3VQt754AaABAg,Qué rico come tu diputado,Quorum,UCE4rsXcgDb6e1-a9iTbWzfg,@ManuelEdran,UC5H8ASmMC9WrURmzeB4ySog,Minusiosas pero a la larga se vuelve millonarios. . Paguen sus almuerzos no se aprovechen del pueblo... casaka.,@quorumgt/videos,channel,quorum_complete_comments.csv | youtube_guatemala_plus_comments.csv,/@ManuelEdran,hace 2 años,1,0,False,,/@ManuelEdran,1,Minusiosas pero a la larga se vuelve millonarios. . Paguen sus almuerzos no se aprovechen del pueblo... casaka.,,,,minusiosas larga volver millonario pagar almuerzo aprovechar pueblo casaka
n8iP75gIpmw,Ugx7j6oWhgfonHPJCdR4AaABAg,Qué rico come tu diputado,Quorum,UCE4rsXcgDb6e1-a9iTbWzfg,@osmanmorales3012,UC72gBAtyb_VXQlYDcFrh6oQ,Para que participo si el reclama y que a echo por el pais nada,@quorumgt/videos,channel,quorum_complete_comments.csv | youtube_guatemala_plus_comments.csv,/@osmanmorales3012,hace 2 años,3,0,False,,/@osmanmorales3012,3,Para que participo si el reclama y que a echo por el pais nada,,,,participar si reclamar echar pais
n8iP75gIpmw,Ugx8FxDKPAY-M_JhRgd4AaABAg,Qué rico come tu diputado,Quorum,UCE4rsXcgDb6e1-a9iTbWzfg,@davidisraelesquitsaquil,UCi1b_TRQfgO1Z9O2gNGGWNA,"Ahora se destapo la CORRUPCION Q EXISTIA Y AHORA SE CONTAMINO despues de ampliacion ahora DEUDAS a la Comunidad Internacional por PRESTAMOS para carreteras, ademas CONCESIONES A AEROPUERTOS, PUERTOS, LAS MISMAS CARRETERAS, todos millonario, EUROBONOS, vender al pais y CANASTA BASICA A Q10,000 todo lo van hacer PERO ESE DINERO QUE OBTENGAN SERA REGALO DEL 👹👹👹 Xq DIOS dara justicia en su momento la JUSTICIA DE DIOS con sus hijitos sera IMPLACABLE y omnipotente🇬🇹🇬🇹🇬🇹🇬🇹",@quorumgt/videos,channel,quorum_complete_comments.csv | youtube_guatemala_plus_comments.csv,/@davidisraelesquitsaquil,hace 2 años, ,0,False,,/@davidisraelesquitsaquil,0,"Ahora se destapo la CORRUPCION Q EXISTIA Y AHORA SE CONTAMINO despues de ampliacion ahora DEUDAS a la Comunidad Internacional por PRESTAMOS para carreteras, ademas CONCESIONES A AEROPUERTOS, PUERTOS, LAS MISMAS CARRETERAS, todos millonario, EUROBONOS, vender al pais y CANASTA BASICA A Q10,000 todo lo van hacer PERO ESE DINERO QUE OBTENGAN SERA REGALO DEL 👹👹👹 Xq DIOS dara justicia en su momento la JUSTICIA DE DIOS con sus hijitos sera IMPLACABLE y omnipotente🇬🇹🇬🇹🇬🇹🇬🇹",,,👹|👹|👹,ahora destapar corrupcion existia ahora contaminar despues ampliacion ahora deuda comunidad internacional prestar carretera adema concesionar aeropuerto puerto mismo carretera millonario eurobono vender pais canasta basica q10 ir hacer dinero obtener sera regalo xq dios dar justicia momento justicia dios hijitos sera implacable omnipotente
WIUZtitfLRw,Ugx8vuWdqsWZslsS9R14AaABAg,Caminar en una ciudad hecha para carros,Quorum,UCE4rsXcgDb6e1-a9iTbWzfg,@hashojea7348,UCvcu1kR8xMYy_I1Ty-2mV2Q,Excelente nota,@quorumgt/videos,channel,quorum_complete_comments.csv | youtube_guatemala_plus_comments.csv,/@hashojea7348,hace 1 año, ,0,False,,/@hashojea7348,0,Excelente nota,,,,excelente nota
OkXlHx0hx-8,Ugx90cmhNaRBNDou1BR4AaABAg,EE.UU. envía a mexicanos deportados a Guatemala antes de su regreso a México | Noticias Telemundo,Noticias Telemundo,UCRwA1NUcUnwsly35ikGhp0A,@rosadiaz6945,UCBlm80VQ4YoV3bUJR_XhkaQ,Miserables el departamento de seguridad de USA,guatemala noticias,topic,youtube_guatemala_comments.csv | youtube_guatemala_plus_comments.csv,/@rosadiaz6945,hace 1 día, ,3,False,,/@rosadiaz6945,0,Miserables el departamento de seguridad de USA,,,,miserable departamento seguridad usar
OkXlHx0hx-8,Ugx90cmhNaRBNDou1BR4AaABAg.AaA5Ej9IqgQAaBaWPRQg7K,EE.UU. envía a mexicanos deportados a Guatemala antes de su regreso a México | Noticias Telemundo,Noticias Telemundo,UCRwA1NUcUnwsly35ikGhp0A,@eugeneramirez4405,UCi2KiZq63sRq8Mfbcp-MelQ,"There tired of fraud and corruption and lethal drugs. 
We AMERICANS HAVE VOTED!
you don't like our LAWS lezve!",guatemala noticias,topic,youtube_guatemala_comments.csv | youtube_guatemala_plus_comments.csv,/@eugeneramirez4405,hace 20 horas, ,0,False,,/@eugeneramirez4405,0,"There tired of fraud and corruption and lethal drugs. 
We AMERICANS HAVE VOTED!
you don't like our LAWS lezve!",,,,there tired of fraud and corruption and lethal drugs we americans have voted you don like our laws lezve
OkXlHx0hx-8,Ugx90cmhNaRBNDou1BR4AaABAg.AaA5Ej9IqgQAaCnVqXU5cy,EE.UU. envía a mexicanos deportados a Guatemala antes de su regreso a México | Noticias Telemundo,Noticias Telemundo,UCRwA1NUcUnwsly35ikGhp0A,@rosadiaz6945,UCBlm80VQ4YoV3bUJR_XhkaQ,"​ @eugeneramirez4405 
Go away, there's no way to prove you're American.",guatemala noticias,topic,youtube_guatemala_comments.csv | youtube_guatemala_plus_comments.csv,/@rosadiaz6945,hace 9 horas, ,0,False,,/@rosadiaz6945,0,"​ @eugeneramirez4405 
Go away, there's no way to prove you're American.",,eugeneramirez4405,,go away there way to prove you re american
OkXlHx0hx-8,Ugx90cmhNaRBNDou1BR4AaABAg.AaA5Ej9IqgQAaCz3GqqPAJ,EE.UU. envía a mexicanos deportados a Guatemala antes de su regreso a México | Noticias Telemundo,Noticias Telemundo,UCRwA1NUcUnwsly35ikGhp0A,@eugeneramirez4405,UCi2KiZq63sRq8Mfbcp-MelQ,"​ @rosadiaz6945 
Sure 👌 
Whatever you say!",guatemala noticias,topic,youtube_guatemala_comments.csv | youtube_guatemala_plus_comments.csv,/@eugeneramirez4405,hace 7 horas, ,0,False,,/@eugeneramirez4405,0,"​ @rosadiaz6945 
Sure 👌 
Whatever you say!",,rosadiaz6945,👌,sure whatever you say
j43HgwYFKfk,UgxCKgaQSm13r2z9hFd4AaABAg,La cooptación de Walter Mazariegos en la USAC,Quorum,UCE4rsXcgDb6e1-a9iTbWzfg,@quijotachapina1,UColMq7LmaoY3MT6aIDGrGvA,"Escuché que solo fingen que las reuniones son virtuales, pero las hacen en un hôtel y encima liquidan los gastos generados 😡",@quorumgt/videos,channel,quorum_complete_comments.csv | youtube_guatemala_plus_comments.csv,/@quijotachapina1,hace 1 año, ,0,False,,/@quijotachapina1,0,"Escuché que solo fingen que las reuniones son virtuales, pero las hacen en un hôtel y encima liquidan los gastos generados 😡",,,😡,escuchar solo fingir reunión virtual hacer hôtel encimar liquidar gasto generar
OkXlHx0hx-8,UgxCT5F3jO763e2aO-t4AaABAg,EE.UU. envía a mexicanos deportados a Guatemala antes de su regreso a México | Noticias Telemundo,Noticias Telemundo,UCRwA1NUcUnwsly35ikGhp0A,@DoraSalas-j5o,UCat2qkYvqmtDNEmo2PVuhXw,Dicen quelos van a mandar a africa cuidao paisas,guatemala noticias,topic,youtube_guatemala_comments.csv | youtube_guatemala_plus_comments.csv,/@DoraSalas-j5o,hace 1 día,1,0,False,,/@DoraSalas-j5o,1,Dicen quelos van a mandar a africa cuidao paisas,,,,decir quelos ir mandar africa cuidao paisas
lj983NWyAQY,UgxCjFHfuFk1jUGvoIB4AaABAg,Plan 2032 Ciudad de Guatemala,Municipalidad de Guatemala,UCXa6LVjBzUtmcM3cwbd9e2w,@TheAlexX_C,UCSTAUWVc1_82DHYeqOsqEFA,"Que bella es la Ciudad de Guatemala, unica en su clase. 
Saludos desde El Salvador 😸",Municipalidad de Guatemala,topic,lj983NWyAQY_out_comments.csv | youtube_guatemala_plus_comments.csv,/@TheAlexX_C,hace 7 años,191,2,False,,/@TheAlexX_C,191,"Que bella es la Ciudad de Guatemala, unica en su clase. 
Saludos desde El Salvador 😸",,,😸,bello ciudad guatemala unica clase saludo salvador
yLZS3JiEBg8,UgxD16VX3BhREOtsuhJ4AaABAg,Arroz con pollo a la MONOPOLIO,Quorum,UCE4rsXcgDb6e1-a9iTbWzfg,@DenisRMC,UCcFIBN-rtC3d3hXeuN5TfWw,"Excelente explicación 
Te falto incluir la harina que al final es el mismo dueño de las pastas...eso se llama MONOPOLIO...y tiene nombre
Contra ellos no se puede..hasta este dueño del monopolio hasta apoyo al actual presidente..
Raro..??",@quorumgt/videos,channel,quorum_complete_comments.csv | youtube_guatemala_plus_comments.csv,/@DenisRMC,hace 2 años, ,0,False,,/@DenisRMC,0,"Excelente explicación 
Te falto incluir la harina que al final es el mismo dueño de las pastas...eso se llama MONOPOLIO...y tiene nombre
Contra ellos no se puede..hasta este dueño del monopolio hasta apoyo al actual presidente..
Raro..??",,,,excelente explicación falto incluir harina final mismo dueño pasta llama monopolio nombre poder dueño monopolio apoyo actual presidente raro
j43HgwYFKfk,UgxDBhcq11EK83DqrSZ4AaABAg,La cooptación de Walter Mazariegos en la USAC,Quorum,UCE4rsXcgDb6e1-a9iTbWzfg,@genarodelgado3929,UCV0lM03g5fg5pbPj97-sAtA,"Excelente nota prensa!!
Compartan esta información para esos estudiantes ineptos y puedan conocer la realidad!!",@quorumgt,topic,j43HgwYFKfk_out_comments.csv | quorum_complete_comments.csv | youtube_guatemala_plus_comments.csv,/@genarodelgado3929,hace 1 año,1,0,False,,/@genarodelgado3929,1,"Excelente nota prensa!!
Compartan esta información para esos estudiantes ineptos y puedan conocer la realidad!!",,,,excelente nota prensa compartir información estudiante inepto poder conocer realidad
lj983NWyAQY,UgxDFo35bUo0APtZcd94AaABAg,Plan 2032 Ciudad de Guatemala,Municipalidad de Guatemala,UCXa6LVjBzUtmcM3cwbd9e2w,@ChRiStOpHeR7969,UC_ljZ1hZXR9pzexFz87P5ZA,"balgame  DIOS   QUE  TAN  ATRASADOS  ESTAN   Y  CUANTO  TIEMPO  PARA  ESTAR  EN  LA  MODERNIDAD OJALA  Y  LO  LOGREN  ,  POR  CUANTOS  PRECIDENTES  TIENE  QUE  PASAR  Y  CONVENSER  PARA  QUE  ESTO  SEA  UNA  REALIDAD",Municipalidad de Guatemala,topic,lj983NWyAQY_out_comments.csv | youtube_guatemala_plus_comments.csv,/@ChRiStOpHeR7969,hace 4 años, ,0,False,,/@ChRiStOpHeR7969,0,"balgame  DIOS   QUE  TAN  ATRASADOS  ESTAN   Y  CUANTO  TIEMPO  PARA  ESTAR  EN  LA  MODERNIDAD OJALA  Y  LO  LOGREN  ,  POR  CUANTOS  PRECIDENTES  TIENE  QUE  PASAR  Y  CONVENSER  PARA  QUE  ESTO  SEA  UNA  REALIDAD",,,,balgame dios tan atrasar estar cuanto tiempo modernidad ojalar lograr cuanto precidentes pasar convenser realidad
06mFNPU0aB8,UgxEE17R1iQyuDZebVF4AaABAg,Capturan a presuntos delincuentes disfrazados de mujer señalados de cometer asalto,Noti7,UCVpSRoZgngfSL03Nlbjtq9A,@jorgecifuentes-m5g,UCLXYp1Cvc5DLtq5UQL5D9vw,TransLadrones ?,guatemala noticias,topic,youtube_guatemala_comments.csv | youtube_guatemala_plus_comments.csv,/@jorgecifuentes-m5g,hace 2 semanas,3,1,False,,/@jorgecifuentes-m5g,3,TransLadrones ?,,,,transladrones
06mFNPU0aB8,UgxEE17R1iQyuDZebVF4AaABAg.A_UFk_pMAbMA_VZ_0Vdu89,Capturan a presuntos delincuentes disfrazados de mujer señalados de cometer asalto,Noti7,UCVpSRoZgngfSL03Nlbjtq9A,@HonwayLee-z5g,UCfjhejO7LZy4doXURa7LZCQ,😂😂,guatemala noticias,topic,youtube_guatemala_comments.csv | youtube_guatemala_plus_comments.csv,/@HonwayLee-z5g,hace 2 semanas, ,0,False,,/@HonwayLee-z5g,0,😂😂,,,😂|😂,
n8iP75gIpmw,UgxE_8DGgJmaHaV_WLJ4AaABAg,Qué rico come tu diputado,Quorum,UCE4rsXcgDb6e1-a9iTbWzfg,@romeolopezherrarte799,UCplrIQtaPj6au60_f2-mOYw,JAJAJAJA  SE METEN A HACER UN PROYECTO DE FERROCARRIL  A GUATEMALA LA DEJAN COMO ÁFRICA,@quorumgt/videos,channel,quorum_complete_comments.csv | youtube_guatemala_plus_comments.csv,/@romeolopezherrarte799,hace 2 años, ,0,False,,/@romeolopezherrarte799,0,JAJAJAJA  SE METEN A HACER UN PROYECTO DE FERROCARRIL  A GUATEMALA LA DEJAN COMO ÁFRICA,,,,jajajaja meter hacer proyecto ferrocarril guatemala dejar áfrica
6W4u8sGEnGM,UgxEsAK7q3l34wFdZ414AaABAg,Inician los trabajos de recuperación del Puente Belice II.,Gobierno de la República de Guatemala,UC-ZtFBHzgkYFh7whZkuR_Ag,@RolandoGonzalez-o7g,UCql1n3Ey6ULMSOACjMe-fxQ,"El Salvador que es un país tan pequeño está haciendo maravillas en su estructura su presidente.
  Y Guatemala que es un mega país, va tan atrasado como la  tortuga.",Gobierno de la República de Guatemala,topic,youtube_guatemala_plus_comments.csv | youtube_lab_targets_small_comments.csv,/@RolandoGonzalez-o7g,hace 6 días,6,7,False,,/@RolandoGonzalez-o7g,6,"El Salvador que es un país tan pequeño está haciendo maravillas en su estructura su presidente.
  Y Guatemala que es un mega país, va tan atrasado como la  tortuga.",,,,salvador país tan pequeño hacendar maravilla estructura presidente guatemala mega país ir tan atrasar tortuga
6W4u8sGEnGM,UgxEsAK7q3l34wFdZ414AaABAg.A_zCnf5bSajA_zKDdWQaaO,Inician los trabajos de recuperación del Puente Belice II.,Gobierno de la República de Guatemala,UC-ZtFBHzgkYFh7whZkuR_Ag,@luisricardo9671,UCZFQwqh90apuL8eFhvRBkUg,"Nayib Bukele lleva 7 años como presidente de El Salvador teniendo todos los poderes del estado a su favor, y el de Guate con todas las trabas que le pusieron los 2 primeros años, y queres un mega pais en 3 años no jodas, ni un edificio de 15 niveles lo terminan en 4 años, no esperes que la corrupcion de 30 años la solucionen en un periodo de gobierno estan dejando simientos pero si seguimos poniendo presidentes como los antecesores de este olvidate que ese puente lo terminen y seguiras viendo el pais en ruinas.",Gobierno de la República de Guatemala,topic,youtube_guatemala_plus_comments.csv | youtube_lab_targets_small_comments.csv,/@luisricardo9671,hace 6 días,9,0,False,,/@luisricardo9671,9,"Nayib Bukele lleva 7 años como presidente de El Salvador teniendo todos los poderes del estado a su favor, y el de Guate con todas las trabas que le pusieron los 2 primeros años, y queres un mega pais en 3 años no jodas, ni un edificio de 15 niveles lo terminan en 4 años, no esperes que la corrupcion de 30 años la solucionen en un periodo de gobierno estan dejando simientos pero si seguimos poniendo presidentes como los antecesores de este olvidate que ese puente lo terminen y seguiras viendo el pais en ruinas.",,,,nayib bukele llevar año presidente salvador poder favor guate todo trabar poner primero año querer mega pais año joder edificio nivelar terminar año esperar corrupcion año solucionar periodo gobierno estar dejar simientos si seguir poner presidente antecesor olvidate puente terminar seguiras ver pais ruinar
6W4u8sGEnGM,UgxEsAK7q3l34wFdZ414AaABAg.A_zCnf5bSajA_zMcZPgoSk,Inician los trabajos de recuperación del Puente Belice II.,Gobierno de la República de Guatemala,UC-ZtFBHzgkYFh7whZkuR_Ag,@Israel-u5i7i,UCoGdCoJg2Lh0OX_jv6cG16g,​ @luisricardo9671 comentario bien acertado saludos amigo🧐🧐🧐,Gobierno de la República de Guatemala,topic,youtube_guatemala_plus_comments.csv | youtube_lab_targets_small_comments.csv,/@Israel-u5i7i,hace 6 días,2,0,False,,/@Israel-u5i7i,2,​ @luisricardo9671 comentario bien acertado saludos amigo🧐🧐🧐,,luisricardo9671,🧐|🧐|🧐,comentario bien acertar saludo amigo
6W4u8sGEnGM,UgxEsAK7q3l34wFdZ414AaABAg.A_zCnf5bSajA_zX0eQk5DZ,Inician los trabajos de recuperación del Puente Belice II.,Gobierno de la República de Guatemala,UC-ZtFBHzgkYFh7whZkuR_Ag,@Murmullodelbarrio,UCyJhqmMbsvjpoarBBStA2kg,"Vos risa das lagarto h..... e p....... a
Ya quisieras que esto lo tuvieras en el Salvador 
A chngr a su madre a su país agrandado de m.....",Gobierno de la República de Guatemala,topic,youtube_guatemala_plus_comments.csv | youtube_lab_targets_small_comments.csv,/@Murmullodelbarrio,hace 6 días, ,0,False,,/@Murmullodelbarrio,0,"Vos risa das lagarto h..... e p....... a
Ya quisieras que esto lo tuvieras en el Salvador 
A chngr a su madre a su país agrandado de m.....",,,,vos risa dar lagarto querer salvador chngr madre país agrandar
6W4u8sGEnGM,UgxEsAK7q3l34wFdZ414AaABAg.A_zCnf5bSajA_zXHoAX3hj,Inician los trabajos de recuperación del Puente Belice II.,Gobierno de la República de Guatemala,UC-ZtFBHzgkYFh7whZkuR_Ag,@Murmullodelbarrio,UCyJhqmMbsvjpoarBBStA2kg,"​ @luisricardo9671 
Y ni así ha hecho algo similar el Bujele
Solo en seguridad ya se terminó toda la economía de el Pulgarcito y ya no tiene ni quien le preste más dinero",Gobierno de la República de Guatemala,topic,youtube_guatemala_plus_comments.csv | youtube_lab_targets_small_comments.csv,/@Murmullodelbarrio,hace 6 días,3,0,False,,/@Murmullodelbarrio,3,"​ @luisricardo9671 
Y ni así ha hecho algo similar el Bujele
Solo en seguridad ya se terminó toda la economía de el Pulgarcito y ya no tiene ni quien le preste más dinero",,luisricardo9671,,así hecho similar bujele solo seguridad terminar todo economía pulgarcito preste dinero
6W4u8sGEnGM,UgxEsAK7q3l34wFdZ414AaABAg.A_zCnf5bSajA_zXUuRIq0q,Inician los trabajos de recuperación del Puente Belice II.,Gobierno de la República de Guatemala,UC-ZtFBHzgkYFh7whZkuR_Ag,@Murmullodelbarrio,UCyJhqmMbsvjpoarBBStA2kg,"Vos Rolando
Tu Bujele lleva 7 años con la cuesta los chorros y ni eso puede terminar
Ja jaaaaaaaaa viva Guatemala",Gobierno de la República de Guatemala,topic,youtube_guatemala_plus_comments.csv | youtube_lab_targets_small_comments.csv,/@Murmullodelbarrio,hace 6 días,4,0,False,,/@Murmullodelbarrio,4,"Vos Rolando
Tu Bujele lleva 7 años con la cuesta los chorros y ni eso puede terminar
Ja jaaaaaaaaa viva Guatemala",,,,vos rolar bujele llevar año cuesta chorro poder terminar ja jaaaaaaaaa vivar guatemala
6W4u8sGEnGM,UgxEsAK7q3l34wFdZ414AaABAg.A_zCnf5bSajA_znUL05zze,Inician los trabajos de recuperación del Puente Belice II.,Gobierno de la República de Guatemala,UC-ZtFBHzgkYFh7whZkuR_Ag,@AbigailRodas-w2r,UC63tFvbQ_hJhGDi2nbjssjw,Que fácil te dejas engañar al parecer todas se las crees a Bukeli,Gobierno de la República de Guatemala,topic,youtube_guatemala_plus_comments.csv | youtube_lab_targets_small_comments.csv,/@AbigailRodas-w2r,hace 6 días,2,0,False,,/@AbigailRodas-w2r,2,Que fácil te dejas engañar al parecer todas se las crees a Bukeli,,,,fácil deja engañar parecer todo creer bukeli
6W4u8sGEnGM,UgxEsAK7q3l34wFdZ414AaABAg.A_zCnf5bSajAa0q77b9a3F,Inician los trabajos de recuperación del Puente Belice II.,Gobierno de la República de Guatemala,UC-ZtFBHzgkYFh7whZkuR_Ag,@carlosgranados9875,UCtCtts20bW6F9CSohau51Iw,"Y cual mega maravillas de guanacolandia, un estadio chino, un metro cable de 3 kilometros de distancia y un via llamada los chorros que lleva como 5 años y nunca lo terminan. Por favor investiga un poco antes de abrir la bocota. Haaa¡ y se me olvidaba  la gran deuda externa que tienen.☝️🧐🇬🇹🇬🇹🇬🇹🇬🇹",Gobierno de la República de Guatemala,topic,youtube_guatemala_plus_comments.csv | youtube_lab_targets_small_comments.csv,/@carlosgranados9875,hace 5 días, ,0,False,,/@carlosgranados9875,0,"Y cual mega maravillas de guanacolandia, un estadio chino, un metro cable de 3 kilometros de distancia y un via llamada los chorros que lleva como 5 años y nunca lo terminan. Por favor investiga un poco antes de abrir la bocota. Haaa¡ y se me olvidaba  la gran deuda externa que tienen.☝️🧐🇬🇹🇬🇹🇬🇹🇬🇹",,,☝|🧐,mega maravilla guanacolandia estadio chino metro cable kilometros distancia via llamada chorro llevar año nunca terminar favor investigar abrir bocota haaa olvidar gran deuda externar
6W4u8sGEnGM,UgxEsAK7q3l34wFdZ414AaABAg.A_zCnf5bSajAa0qEPC8tJc,Inician los trabajos de recuperación del Puente Belice II.,Gobierno de la República de Guatemala,UC-ZtFBHzgkYFh7whZkuR_Ag,@carlosgranados9875,UCtCtts20bW6F9CSohau51Iw,​ @Murmullodelbarrio 👍🇬🇹,Gobierno de la República de Guatemala,topic,youtube_guatemala_plus_comments.csv | youtube_lab_targets_small_comments.csv,/@carlosgranados9875,hace 5 días, ,0,False,,/@carlosgranados9875,0,​ @Murmullodelbarrio 👍🇬🇹,,Murmullodelbarrio,👍,
6W4u8sGEnGM,UgxEsAK7q3l34wFdZ414AaABAg.A_zCnf5bSajAa41uU3Anhg,Inician los trabajos de recuperación del Puente Belice II.,Gobierno de la República de Guatemala,UC-ZtFBHzgkYFh7whZkuR_Ag,@hectormaaz5523,UCWaRixDdpgllTBf4V0jPnKQ,Por que votas por los payasos ledrones pollo roncos que han robado el pais trata de arrepentirte y no volver apoyar a sus amigos que ae estan preparando para buscar y pagar votantes,Gobierno de la República de Guatemala,topic,youtube_guatemala_plus_comments.csv | youtube_lab_targets_small_comments.csv,/@hectormaaz5523,hace 4 días, ,0,False,,/@hectormaaz5523,0,Por que votas por los payasos ledrones pollo roncos que han robado el pais trata de arrepentirte y no volver apoyar a sus amigos que ae estan preparando para buscar y pagar votantes,,,,votar payaso ledrones pollo ronco robar pais trata arrepentirte volver apoyar amigo ae estar preparar buscar pagar votante
n8iP75gIpmw,UgxFOJmnMHqi2dpDaZd4AaABAg,Qué rico come tu diputado,Quorum,UCE4rsXcgDb6e1-a9iTbWzfg,@RolandoRaguay,UCcfdg8crmMJwEuLUsAhV7yg,"Creo que no entienden los Sres periodistas, la comida de trabajo que se hace con personas ajenas del congreso se debe de pagar con dinero del pueblo, más no como antes que en las reuniones del congreso comían gratis todos los diputados",@quorumgt/videos,channel,quorum_complete_comments.csv | youtube_guatemala_plus_comments.csv,/@RolandoRaguay,hace 2 años,1,0,False,,/@RolandoRaguay,1,"Creo que no entienden los Sres periodistas, la comida de trabajo que se hace con personas ajenas del congreso se debe de pagar con dinero del pueblo, más no como antes que en las reuniones del congreso comían gratis todos los diputados",,,,crear entender sres periodista comida trabajo hacer persona ajeno congreso debe pagar dinero pueblo reunión congreso comer gratis diputado
j43HgwYFKfk,UgxFzCyhju6zPSl4zwZ4AaABAg,La cooptación de Walter Mazariegos en la USAC,Quorum,UCE4rsXcgDb6e1-a9iTbWzfg,@alfredoortega9264,UC6Uj1FT5JjDSF8vudvDxPAA,Bendiciones a la licenciada periodista Vásquez que Dios proteja su camino y la guarde siempre durante su trabajo en pos de la universidad 🙏,@quorumgt/videos,channel,quorum_complete_comments.csv | youtube_guatemala_plus_comments.csv,/@alfredoortega9264,hace 1 año,1,0,False,,/@alfredoortega9264,1,Bendiciones a la licenciada periodista Vásquez que Dios proteja su camino y la guarde siempre durante su trabajo en pos de la universidad 🙏,,,🙏,bendición licenciado periodista vásquez dios proteger camino guardar siempre trabajo pos universidad
n8iP75gIpmw,UgxHqBlwo8Dpvv-2P5d4AaABAg,Qué rico come tu diputado,Quorum,UCE4rsXcgDb6e1-a9iTbWzfg,@anaaguirre8985,UCj-LL25XJnjxepPKCc3NGog,"Es claro nesecitan fondos=caja chica estos recursos deben ser canalizados e implementado  material utilizado las comidas podría ser en fondo general si tuviesen invitados en una sesión extendida, tener un piso por persona. (No comprar lujos)
Esperemos ver otras facturas de diferentes bancadas.
Y apoyo toda fiscalización",@quorumgt/videos,channel,quorum_complete_comments.csv | youtube_guatemala_plus_comments.csv,/@anaaguirre8985,hace 2 años,1,0,False,,/@anaaguirre8985,1,"Es claro nesecitan fondos=caja chica estos recursos deben ser canalizados e implementado  material utilizado las comidas podría ser en fondo general si tuviesen invitados en una sesión extendida, tener un piso por persona. (No comprar lujos)
Esperemos ver otras facturas de diferentes bancadas.
Y apoyo toda fiscalización",,,,claro nesecitan fondo caja chico recurso deber ser canalizar implementar material utilizar comida poder ser fondo general si invitado sesión extender tener piso persona comprar lujo esperar ver factura diferente bancada apoyo todo fiscalización
j43HgwYFKfk,UgxJQfg5iHA6vRWS0El4AaABAg,La cooptación de Walter Mazariegos en la USAC,Quorum,UCE4rsXcgDb6e1-a9iTbWzfg,@HectorCarranza-u4j4o,UC1DpqK6vaPEkBOMNvypsKYg,se tiene unir el pueblo y zacar a este corrupto y.criminal xq el pueblo manda no es este mafioso xq este wualter masariego esta sin visa x tramposo es aliado al.pacto de.corruptos y.fe todos los terriristas,@quorumgt/videos,channel,quorum_complete_comments.csv | youtube_guatemala_plus_comments.csv,/@HectorCarranza-u4j4o,hace 6 meses, ,0,False,,/@HectorCarranza-u4j4o,0,se tiene unir el pueblo y zacar a este corrupto y.criminal xq el pueblo manda no es este mafioso xq este wualter masariego esta sin visa x tramposo es aliado al.pacto de.corruptos y.fe todos los terriristas,,,,unir pueblo zacar corrupto criminal xq pueblo manda mafioso xq wualter masariego visar tramposo aliado pacto corrupto fe terriristas
ndAZjHqzzT8,UgxK5IJwWigmJ56Xp7p4AaABAg,Internet: escoger el menos malo,Quorum,UCE4rsXcgDb6e1-a9iTbWzfg,@inge_vergueta,UCpsKOkt5iWTbenzeuq7dsmQ,Magistral información. Que debería ser viral y llegar a toda la población...,@quorumgt/videos,channel,quorum_complete_comments.csv | youtube_guatemala_plus_comments.csv,/@inge_vergueta,hace 2 años,1,0,False,,/@inge_vergueta,1,Magistral información. Que debería ser viral y llegar a toda la población...,,,,magistral información deber ser viral llegar todo población
n8iP75gIpmw,UgxKfM_nJMsGTkKkM8V4AaABAg,Qué rico come tu diputado,Quorum,UCE4rsXcgDb6e1-a9iTbWzfg,@luisgpacheco5858,UCDftMWXQoJ6nONfY7GVOVjg,"Diga hasta misa diputado hambriento, cualquier justificación es pretexto y deje de buscar protagonismo en un trabajo que no hace eficientemente, ojalá la gente sensata nunca más vuelva a dar un voto en una planilla en donde figuren tipos de esta vil calaña.",@quorumgt/videos,channel,quorum_complete_comments.csv | youtube_guatemala_plus_comments.csv,/@luisgpacheco5858,hace 2 años, ,0,False,,/@luisgpacheco5858,0,"Diga hasta misa diputado hambriento, cualquier justificación es pretexto y deje de buscar protagonismo en un trabajo que no hace eficientemente, ojalá la gente sensata nunca más vuelva a dar un voto en una planilla en donde figuren tipos de esta vil calaña.",,,,decir misa diputado hambriento cualquiera justificación pretexto deje buscar protagonismo trabajo hacer eficientemente ojalá gente sensato nunca volver dar voto planilla figurar tipo vil calaña
n8iP75gIpmw,UgxLNf6Xy3xngPFLs594AaABAg,Qué rico come tu diputado,Quorum,UCE4rsXcgDb6e1-a9iTbWzfg,@beneficioelcaminovillacana8540,UCYwpX26TrCxq8TvbKGRYLXA,Sr diputado si ud sabe cuales son las condiciones del funcionamiento y sus consecuencias de ser diputado. Por qué se mete a ser diputado cual es su objetivo q le motiva  ser funcionario político. O acaso lo obligaron ?,@quorumgt/videos,channel,quorum_complete_comments.csv | youtube_guatemala_plus_comments.csv,/@beneficioelcaminovillacana8540,hace 2 años,3,0,False,,/@beneficioelcaminovillacana8540,3,Sr diputado si ud sabe cuales son las condiciones del funcionamiento y sus consecuencias de ser diputado. Por qué se mete a ser diputado cual es su objetivo q le motiva  ser funcionario político. O acaso lo obligaron ?,,,,sr diputado si ud saber cual condicionar funcionamiento consecuencia ser diputado meter ser diputado objetivo motivar ser funcionario político acaso obligar
n8iP75gIpmw,UgxLSZD8ZrNFmd10RKR4AaABAg,Qué rico come tu diputado,Quorum,UCE4rsXcgDb6e1-a9iTbWzfg,@gorrarota,UCUIIIPTVDVHAXqhC_5V6lPA,"Que desgraciado ese dipurrata, justificando lo injustificable... no sólo se reunen para planear sus transas si no que además pagamos la factura de esas reuniones y cuidado que menciona a Arévago con una de las transas que pretende hacer con lo de ""tecnología"" que dice es su trabajo como legislador.",@quorumgt/videos,channel,quorum_complete_comments.csv | youtube_guatemala_plus_comments.csv,/@gorrarota,hace 2 años, ,0,False,,/@gorrarota,0,"Que desgraciado ese dipurrata, justificando lo injustificable... no sólo se reunen para planear sus transas si no que además pagamos la factura de esas reuniones y cuidado que menciona a Arévago con una de las transas que pretende hacer con lo de ""tecnología"" que dice es su trabajo como legislador.",,,,desgraciado dipurrata justificar injustificable sólo reunen planear transar si además pagar factura reunión cuidado mencionar arévago transar pretender hacer tecnología decir trabajo legislador
6W4u8sGEnGM,UgxNSGVebHMGSFI8zX94AaABAg,Inician los trabajos de recuperación del Puente Belice II.,Gobierno de la República de Guatemala,UC-ZtFBHzgkYFh7whZkuR_Ag,@josegil3813,UCzZ6dDCEsLMXbc5pCFXIprw,"tendra' una vista maravillosa , pero lo feo sera' la vista del rio aguas negras muy negativo para el turismo internacional.-",Gobierno de la República de Guatemala,topic,youtube_guatemala_plus_comments.csv | youtube_lab_targets_small_comments.csv,/@josegil3813,hace 6 días, ,0,False,,/@josegil3813,0,"tendra' una vista maravillosa , pero lo feo sera' la vista del rio aguas negras muy negativo para el turismo internacional.-",,,,tendra vista maravilloso feo sera vista reír agua negro negativo turismo internacional
PjmxCj-a9Hg,UgxNgFkGSE6nct4PF3V4AaABAg,Conferencia de Prensa del Gobierno de Guatemala. #LaRondaGt,Gobierno de la República de Guatemala,UC-ZtFBHzgkYFh7whZkuR_Ag,@juandeleon9060,UCNIeXbV_mEwpa412h1aqUWw,Regresa. Y. Bas de buelta. Ala carsel....,@GobiernodeGuatemala,topic,PjmxCj-a9Hg_out_comments.csv | youtube_guatemala_plus_comments.csv,/@juandeleon9060,hace 1 año, ,0,False,,/@juandeleon9060,0,Regresa. Y. Bas de buelta. Ala carsel....,,,,regresar ba buelta ala carsel
ndAZjHqzzT8,UgxOO0LIkZP1WvhR1U54AaABAg,Internet: escoger el menos malo,Quorum,UCE4rsXcgDb6e1-a9iTbWzfg,@imrcp5694,UC_6KbBY1bsYXz9fwFS0eQRg,Exelente 👌,@quorumgt/videos,channel,quorum_complete_comments.csv | youtube_guatemala_plus_comments.csv,/@imrcp5694,hace 2 años, ,0,False,,/@imrcp5694,0,Exelente 👌,,,👌,exelente
6W4u8sGEnGM,UgxPHo503SIH-EmlR-t4AaABAg,Inician los trabajos de recuperación del Puente Belice II.,Gobierno de la República de Guatemala,UC-ZtFBHzgkYFh7whZkuR_Ag,@albertoshernandez5251,UCV3fr-YOixFKCZBbJP1-X4w,"EL PRESIDENTE BERNARDO AREVALO TIENE QUE DAR SEGUNDA BUELTA COMO PRESIDENTE PARA QUE TERMINE TODOS LOS PROYECTOS QUE LOS ANTERIORES PRESINTES LADRONES NO FINALISARON .,EL PRESIDENTE BERNARDO AREVALO TIENE QUE DAR SEGUNDA BUELTA PORQUE SE VE MUY BIÉN QUE SI ESTA HACIENDO MUCHAS COSAS BUENAS EN GUATEMALA 👍.",Gobierno de la República de Guatemala,topic,youtube_guatemala_plus_comments.csv | youtube_lab_targets_small_comments.csv,/@albertoshernandez5251,hace 6 días,2,0,False,,/@albertoshernandez5251,2,"EL PRESIDENTE BERNARDO AREVALO TIENE QUE DAR SEGUNDA BUELTA COMO PRESIDENTE PARA QUE TERMINE TODOS LOS PROYECTOS QUE LOS ANTERIORES PRESINTES LADRONES NO FINALISARON .,EL PRESIDENTE BERNARDO AREVALO TIENE QUE DAR SEGUNDA BUELTA PORQUE SE VE MUY BIÉN QUE SI ESTA HACIENDO MUCHAS COSAS BUENAS EN GUATEMALA 👍.",,,👍,presidente bernardo arevalo dar segundo buelta presidente terminar proyecto anterior presintes ladrón finalisaron presidente bernardo arevalo dar segundo buelta ve bién si hacendar mucho cosa bueno guatemala
n8iP75gIpmw,UgxPRaGm9MdlK4U6VPt4AaABAg,Qué rico come tu diputado,Quorum,UCE4rsXcgDb6e1-a9iTbWzfg,@federicosaquimux1933,UCDQaQv0hr2SS_PO-CMEwVHg,"Bueno, si lo tienen más que ""merecido"" por el trabajo por la patria, hay menús más baratos. Aunque lo justifica y lo rejustifica, no es merecido con tanta desnutrición y costo de la canasta básica.

Por honestidad, se puede reintegrar.",@quorumgt/videos,channel,quorum_complete_comments.csv | youtube_guatemala_plus_comments.csv,/@federicosaquimux1933,hace 2 años (editado),1,0,False,,/@federicosaquimux1933,1,"Bueno, si lo tienen más que ""merecido"" por el trabajo por la patria, hay menús más baratos. Aunque lo justifica y lo rejustifica, no es merecido con tanta desnutrición y costo de la canasta básica.

Por honestidad, se puede reintegrar.",,,,bueno si merecido trabajo patria menú barato aunque justificar rejustifica merecido tanto desnutrición costo canasta básico honestidad poder reintegrar
yLZS3JiEBg8,UgxQC-ejR063rkAb1VB4AaABAg,Arroz con pollo a la MONOPOLIO,Quorum,UCE4rsXcgDb6e1-a9iTbWzfg,@jabriz8152,UCefAH1MbvADWUjE9WVcB9EQ,"Y no hay manera de aprobar la ley de libre competencia, Guatepeor, aranceles, trabas a importaciones, suministros, hasta cuando",@quorumgt/videos,channel,quorum_complete_comments.csv | youtube_guatemala_plus_comments.csv,/@jabriz8152,hace 2 años (editado), ,0,False,,/@jabriz8152,0,"Y no hay manera de aprobar la ley de libre competencia, Guatepeor, aranceles, trabas a importaciones, suministros, hasta cuando",,,,manera aprobar ley libre competencia guatepeor arancel trabar importación suministro
n8iP75gIpmw,UgxR0AXNH_3DGn-T1494AaABAg,Qué rico come tu diputado,Quorum,UCE4rsXcgDb6e1-a9iTbWzfg,@osmanmorales3012,UC72gBAtyb_VXQlYDcFrh6oQ,Y para que participan si por el sueldo no es sino por robar,@quorumgt/videos,channel,quorum_complete_comments.csv | youtube_guatemala_plus_comments.csv,/@osmanmorales3012,hace 2 años,15,0,False,,/@osmanmorales3012,15,Y para que participan si por el sueldo no es sino por robar,,,,participar si sueldo sino robar
6W4u8sGEnGM,UgxR1eqvFSEtPNShD8x4AaABAg,Inician los trabajos de recuperación del Puente Belice II.,Gobierno de la República de Guatemala,UC-ZtFBHzgkYFh7whZkuR_Ag,@anibalg47,UCEHXl4VvvVpq-_4xC5tsbhg,SEÑORES ESTE ES UN MEGA PROYECTO. DEBEMOS TRABAJAR Y PENSAR EN EL FUTURO DE GUATEMALA.AVANCEMOS HACIA ADELANTE.  DELANTE...,Gobierno de la República de Guatemala,topic,youtube_guatemala_plus_comments.csv | youtube_lab_targets_small_comments.csv,/@anibalg47,hace 6 días,7,0,False,,/@anibalg47,7,SEÑORES ESTE ES UN MEGA PROYECTO. DEBEMOS TRABAJAR Y PENSAR EN EL FUTURO DE GUATEMALA.AVANCEMOS HACIA ADELANTE.  DELANTE...,,,,señor mega proyecto deber trabajar pensar futuro guatemala avanzar hacia adelantar delante
6W4u8sGEnGM,UgxS0pN-vg0fjeNSLeJ4AaABAg,Inician los trabajos de recuperación del Puente Belice II.,Gobierno de la República de Guatemala,UC-ZtFBHzgkYFh7whZkuR_Ag,@franciscojuarez9223,UCeQk-WfEA-cJRq4EKeE7TOw,lamento arruinarles la fiesta pero dudo que esto logren materializarlo y si se logra que soporte un fuerte sismo... lo dudo... desde ya es un reto para el nivel de corrupción en el que vivimos y que se termine esta obra que si beneficiara a miles,Gobierno de la República de Guatemala,topic,youtube_guatemala_plus_comments.csv | youtube_lab_targets_small_comments.csv,/@franciscojuarez9223,hace 6 días, ,0,False,,/@franciscojuarez9223,0,lamento arruinarles la fiesta pero dudo que esto logren materializarlo y si se logra que soporte un fuerte sismo... lo dudo... desde ya es un reto para el nivel de corrupción en el que vivimos y que se termine esta obra que si beneficiara a miles,,,,lamento arruinarles fiesta dudar lograr materializarlo si lograr soporte fuerte sismo dudar reto nivel corrupción vivir terminar obra si beneficiar mil
n8iP75gIpmw,UgxTjz0jSJkZW5dGnSp4AaABAg,Qué rico come tu diputado,Quorum,UCE4rsXcgDb6e1-a9iTbWzfg,@ARGELIATELON,UCkd9W714-947dEE6ZOEBATA,"Nomás se sientan en el cargo de diputados y ministros y....les crecen ""los cachetes"" hasta les brillan y la barriga. Ej. Benito (tamaletas), Sinibaldi y otros. Y nuestros niños desnutridos....les viene del aire.",@quorumgt/videos,channel,quorum_complete_comments.csv | youtube_guatemala_plus_comments.csv,/@ARGELIATELON,hace 2 años, ,0,False,,/@ARGELIATELON,0,"Nomás se sientan en el cargo de diputados y ministros y....les crecen ""los cachetes"" hasta les brillan y la barriga. Ej. Benito (tamaletas), Sinibaldi y otros. Y nuestros niños desnutridos....les viene del aire.",,,,nomás sentar cargo diputado ministro crecer cachete brillar barriga ej benito tamaletas sinibaldi niño desnutrir venir aire
n8iP75gIpmw,UgxVUS-jkZU2DAjmNjR4AaABAg,Qué rico come tu diputado,Quorum,UCE4rsXcgDb6e1-a9iTbWzfg,@hectorcarranza3777,UCljDbleJul41G1TzOjOZAVA,x eso es que estan bravos todos esos sinverguenzas xq ya no pueden hacer sus cochinadas ahora con don vernardo arevalo antes asian amedia noche a escondidas del pueblo ahora seles termino todo que verguenza que el pueblo sufriendo muchos problemas y eyos gosando de buenas dietas,@quorumgt/videos,channel,quorum_complete_comments.csv | youtube_guatemala_plus_comments.csv,/@hectorcarranza3777,hace 2 años,1,0,False,,/@hectorcarranza3777,1,x eso es que estan bravos todos esos sinverguenzas xq ya no pueden hacer sus cochinadas ahora con don vernardo arevalo antes asian amedia noche a escondidas del pueblo ahora seles termino todo que verguenza que el pueblo sufriendo muchos problemas y eyos gosando de buenas dietas,,,,estar bravo sinverguenzas xq poder hacer cochinada ahora don vernardo arevalo asian amedia noche esconder pueblo ahora seles terminar verguenza pueblo sufrir problema eyos gosando bueno dieta
j43HgwYFKfk,UgxW0ZnTohConSPgOpp4AaABAg,La cooptación de Walter Mazariegos en la USAC,Quorum,UCE4rsXcgDb6e1-a9iTbWzfg,@karensussetteleonvargas9794,UCGGHbtfbbe0o68etrOf0qxw,Exelente,@quorumgt/videos,channel,quorum_complete_comments.csv | youtube_guatemala_plus_comments.csv,/@karensussetteleonvargas9794,hace 6 meses, ,0,False,,/@karensussetteleonvargas9794,0,Exelente,,,,exelente
OkXlHx0hx-8,UgxWzoHDeFfVC7jrjzF4AaABAg,EE.UU. envía a mexicanos deportados a Guatemala antes de su regreso a México | Noticias Telemundo,Noticias Telemundo,UCRwA1NUcUnwsly35ikGhp0A,@aurahernandez5646,UCVdjCrh4tQoX3haNAZv-n5A,Dios los bendiga y disfruten su familia Dios sabe lo que hace bendiciones para todos.,guatemala noticias,topic,youtube_guatemala_comments.csv | youtube_guatemala_plus_comments.csv,/@aurahernandez5646,hace 1 día,3,1,False,,/@aurahernandez5646,3,Dios los bendiga y disfruten su familia Dios sabe lo que hace bendiciones para todos.,,,,dios bendecir disfrutar familia dios saber hacer bendición
OkXlHx0hx-8,UgxWzoHDeFfVC7jrjzF4AaABAg.Aa9DdH5avRRAaB_gLYRAuw,EE.UU. envía a mexicanos deportados a Guatemala antes de su regreso a México | Noticias Telemundo,Noticias Telemundo,UCRwA1NUcUnwsly35ikGhp0A,@eugeneramirez4405,UCi2KiZq63sRq8Mfbcp-MelQ,If you're not a citizen you cannot stay!,guatemala noticias,topic,youtube_guatemala_comments.csv | youtube_guatemala_plus_comments.csv,/@eugeneramirez4405,hace 20 horas, ,0,False,,/@eugeneramirez4405,0,If you're not a citizen you cannot stay!,,,,if you re not citizen you cannot stay
j43HgwYFKfk,UgxXGkvxY-TdtPROWcV4AaABAg,La cooptación de Walter Mazariegos en la USAC,Quorum,UCE4rsXcgDb6e1-a9iTbWzfg,@mariocordon8873,UCZeIIQrGAedW8tCbKWmGY-A,No cabe duda que es el reflejo de la cooptacion que el pacto de corruptos a echo en todas las instituciones del pais.,@quorumgt,topic,j43HgwYFKfk_out_comments.csv | quorum_complete_comments.csv | youtube_guatemala_plus_comments.csv,/@mariocordon8873,hace 1 año,9,0,False,,/@mariocordon8873,9,No cabe duda que es el reflejo de la cooptacion que el pacto de corruptos a echo en todas las instituciones del pais.,,,,cabe duda reflejo cooptacion pacto corrupto echar todo institución pais
ndAZjHqzzT8,UgxXy9CurqMBEjFnVwF4AaABAg,Internet: escoger el menos malo,Quorum,UCE4rsXcgDb6e1-a9iTbWzfg,@hashojea7348,UCvcu1kR8xMYy_I1Ty-2mV2Q,"Excelente video, me acabo de suscribir al canal y ahora a ver los demás videos.",@quorumgt/videos,channel,quorum_complete_comments.csv | youtube_guatemala_plus_comments.csv,/@hashojea7348,hace 2 años, ,0,False,,/@hashojea7348,0,"Excelente video, me acabo de suscribir al canal y ahora a ver los demás videos.",,,,excelente video acabar suscribir canal ahora ver demás video
n8iP75gIpmw,UgxZFzh6jzOX7Avhk1h4AaABAg,Qué rico come tu diputado,Quorum,UCE4rsXcgDb6e1-a9iTbWzfg,@allanmunoz7410,UCFUuDARXdmmIrLppEqf-rFg,"Es con criterio, no le podemos exigir mucho.",@quorumgt/videos,channel,quorum_complete_comments.csv | youtube_guatemala_plus_comments.csv,/@allanmunoz7410,hace 2 años, ,0,False,,/@allanmunoz7410,0,"Es con criterio, no le podemos exigir mucho.",,,,criterio poder exigir
yLZS3JiEBg8,Ugx_gjcVH5SlIKBNTGh4AaABAg,Arroz con pollo a la MONOPOLIO,Quorum,UCE4rsXcgDb6e1-a9iTbWzfg,@alhvi,UCCUmP4PlbwgikVFpYwbtRTg,"Excelente trabajo. Sigan haciendo más vídeos así, explicando con lenguaje sencillo. Quisiera apoyarles más, pero les dejo mi like, comentario y comparto.",@quorumgt/videos,channel,quorum_complete_comments.csv | youtube_guatemala_plus_comments.csv,/@alhvi,hace 2 años,3,0,False,,/@alhvi,3,"Excelente trabajo. Sigan haciendo más vídeos así, explicando con lenguaje sencillo. Quisiera apoyarles más, pero les dejo mi like, comentario y comparto.",,,,excelente trabajo seguir hacendar vídeo así explicar lenguaje sencillo querer apoyarles dejo like comentario compartir
06mFNPU0aB8,Ugxb-sknzjBr3wecCw94AaABAg,Capturan a presuntos delincuentes disfrazados de mujer señalados de cometer asalto,Noti7,UCVpSRoZgngfSL03Nlbjtq9A,@MariaSantos-c8y3h,UCfXykdbSU97rj987LDUGfvg,Por q no dan la cara,guatemala noticias,topic,youtube_guatemala_comments.csv | youtube_guatemala_plus_comments.csv,/@MariaSantos-c8y3h,hace 2 semanas,1,0,False,,/@MariaSantos-c8y3h,1,Por q no dan la cara,,,,dar cara
j43HgwYFKfk,Ugxb1xcC9SSJ_5vSArF4AaABAg,La cooptación de Walter Mazariegos en la USAC,Quorum,UCE4rsXcgDb6e1-a9iTbWzfg,@davidlima1348,UC4Avya4kmR4Q0FrfFdBozSQ,"Urge estudiantes y catedráticos con lucha social,en recuperar la autonomía universitaria,es urgente fiscalizar los bienes de quienes estuvieron apoyando a este rector,revisar viajesitos a muchos estudiantes que se vendieron urge una A.E.U. que ame la sancarlos y nuestro bendito país,urgente fiscalizarlos",@quorumgt,topic,j43HgwYFKfk_out_comments.csv | quorum_complete_comments.csv | youtube_guatemala_plus_comments.csv,/@davidlima1348,hace 1 año,11,0,False,,/@davidlima1348,11,"Urge estudiantes y catedráticos con lucha social,en recuperar la autonomía universitaria,es urgente fiscalizar los bienes de quienes estuvieron apoyando a este rector,revisar viajesitos a muchos estudiantes que se vendieron urge una A.E.U. que ame la sancarlos y nuestro bendito país,urgente fiscalizarlos",,,,urgir estudiante catedrático lucha social recuperar autonomía universitario urgente fiscalizar bien apoyar rector revisar viajesitos estudiante vender urgir amar sancarlos bendecir país urgente fiscalizarlos
n8iP75gIpmw,Ugxbz7-04jLwadBMK_p4AaABAg,Qué rico come tu diputado,Quorum,UCE4rsXcgDb6e1-a9iTbWzfg,@carlosaguilar-kz7ml,UChep9kVb5gQmpodEEl10Xlg,2000 quetzales todo una quincena se hartaron en un solo dia. Que joyitas estas que no piensan en el pueblo.,@quorumgt/videos,channel,quorum_complete_comments.csv | youtube_guatemala_plus_comments.csv,/@carlosaguilar-kz7ml,hace 2 años, ,0,False,,/@carlosaguilar-kz7ml,0,2000 quetzales todo una quincena se hartaron en un solo dia. Que joyitas estas que no piensan en el pueblo.,,,,quetzal quincena hartar solo dia joyitas pensar pueblo
6W4u8sGEnGM,UgxcBa2IQb3I0JZcFax4AaABAg,Inician los trabajos de recuperación del Puente Belice II.,Gobierno de la República de Guatemala,UC-ZtFBHzgkYFh7whZkuR_Ag,@AlejandroPérez-b6r,UCtsxPYw8VUsH_FfnKg-0lmw,Lo del nombre es lo de menos ojala que si lo terminen esta vez,Gobierno de la República de Guatemala,topic,youtube_guatemala_plus_comments.csv | youtube_lab_targets_small_comments.csv,/@AlejandroP%C3%A9rez-b6r,hace 6 días,2,0,False,,/@AlejandroPérez-b6r,2,Lo del nombre es lo de menos ojala que si lo terminen esta vez,,,,nombre menos ojalar si terminar vez
n8iP75gIpmw,UgxcGV8-rD83ACvM0954AaABAg,Qué rico come tu diputado,Quorum,UCE4rsXcgDb6e1-a9iTbWzfg,@ronyarana8849,UCRlCV9zSn7avAWh-9_XFWqQ,"No es un buen salario 25,000.00 quetzales dice entonces q puedo hacer yo con 3,000.00 tristes quetzales",@quorumgt/videos,channel,quorum_complete_comments.csv | youtube_guatemala_plus_comments.csv,/@ronyarana8849,hace 2 años,1,0,False,,/@ronyarana8849,1,"No es un buen salario 25,000.00 quetzales dice entonces q puedo hacer yo con 3,000.00 tristes quetzales",,,,bueno salario quetzal decir entonces poder hacer triste quetzal
n8iP75gIpmw,UgxctiUZJriWwsE0a6J4AaABAg,Qué rico come tu diputado,Quorum,UCE4rsXcgDb6e1-a9iTbWzfg,@yeniferaguirre4498,UCut6b9S98nv84cVX89PmKzA,Échale un cuento completo este diputado y toda la bola de inservibles que fueron a comerse dinero del pueblo hasta sanguijuelas Oiga bien Dice que Cómo en el erario público y el gobierno como empresa donde una empresa produce dinero ellos gastan dinero desde una empresa no le da un bocado de comida a nadie si no produce ellos no producen ellos son los gastan,@quorumgt/videos,channel,quorum_complete_comments.csv | youtube_guatemala_plus_comments.csv,/@yeniferaguirre4498,hace 2 años, ,0,False,,/@yeniferaguirre4498,0,Échale un cuento completo este diputado y toda la bola de inservibles que fueron a comerse dinero del pueblo hasta sanguijuelas Oiga bien Dice que Cómo en el erario público y el gobierno como empresa donde una empresa produce dinero ellos gastan dinero desde una empresa no le da un bocado de comida a nadie si no produce ellos no producen ellos son los gastan,,,,échale cuento completo diputado todo bola inservible comerse dinero pueblo sanguijuela oír bien decir cómo erario público gobierno empresa empresa producir dinero gastar dinero empresa dar bocado comida nadie si producir producir gastar
6W4u8sGEnGM,Ugxd8fn-MEnc3SKPtid4AaABAg,Inician los trabajos de recuperación del Puente Belice II.,Gobierno de la República de Guatemala,UC-ZtFBHzgkYFh7whZkuR_Ag,@lara11roberto,UCfo_yUPzy1f1POwwZxhZ06Q,"Otto Pérez Leal dejó tirado un paso a desnivel en Molino Las Flores y Neto Bran ni se ha molestado en retomar. 
Hay diferencias de políticos. Arévalo, el tiempo le dará la razón.
La paciencia es una virtud.",Gobierno de la República de Guatemala,topic,youtube_guatemala_plus_comments.csv | youtube_lab_targets_small_comments.csv,/@lara11roberto,hace 6 días,1,0,False,,/@lara11roberto,1,"Otto Pérez Leal dejó tirado un paso a desnivel en Molino Las Flores y Neto Bran ni se ha molestado en retomar. 
Hay diferencias de políticos. Arévalo, el tiempo le dará la razón.
La paciencia es una virtud.",,,,otto pérez leal dejar tirado paso desnivel molino florar neto bran molestar retomar diferencia político arévalo tiempo dar razón paciencia virtud
6W4u8sGEnGM,UgxdfjiT5_VBaeADj7h4AaABAg,Inician los trabajos de recuperación del Puente Belice II.,Gobierno de la República de Guatemala,UC-ZtFBHzgkYFh7whZkuR_Ag,@albertoshernandez5251,UCV3fr-YOixFKCZBbJP1-X4w,TODO EL APOYO PARA EL PRESIDENTE BERNARDO AREVALO 👏🎉👏🎉👏🎉👏,Gobierno de la República de Guatemala,topic,youtube_guatemala_plus_comments.csv | youtube_lab_targets_small_comments.csv,/@albertoshernandez5251,hace 6 días,4,0,False,,/@albertoshernandez5251,4,TODO EL APOYO PARA EL PRESIDENTE BERNARDO AREVALO 👏🎉👏🎉👏🎉👏,,,👏|🎉|👏|🎉|👏|🎉|👏,apoyo presidente bernardo arevalo
n8iP75gIpmw,Ugxe0MXeW4ziwUMTfF54AaABAg,Qué rico come tu diputado,Quorum,UCE4rsXcgDb6e1-a9iTbWzfg,@edwingeovanymarroquinmarro6684,UCTylKrsqkrBKIqubMu_5N0Q,Jejejejejkee porque nosotros vivos con el minimo jejeje,@quorumgt/videos,channel,quorum_complete_comments.csv | youtube_guatemala_plus_comments.csv,/@edwingeovanymarroquinmarro6684,hace 2 años,1,0,False,,/@edwingeovanymarroquinmarro6684,1,Jejejejejkee porque nosotros vivos con el minimo jejeje,,,,jejejejejkee vivo minimo jejeje
j43HgwYFKfk,UgxeJQgzDc124jVv7Fx4AaABAg,La cooptación de Walter Mazariegos en la USAC,Quorum,UCE4rsXcgDb6e1-a9iTbWzfg,@leonelsantizo5281,UC5hvEnRUzI4Kfvwnyi4QxqQ,Más claro imposible! Usac sigan en su lucha! Mientras comparto su video para que más personas se informen,@quorumgt,topic,j43HgwYFKfk_out_comments.csv | quorum_complete_comments.csv | youtube_guatemala_plus_comments.csv,/@leonelsantizo5281,hace 1 año,2,0,False,,/@leonelsantizo5281,2,Más claro imposible! Usac sigan en su lucha! Mientras comparto su video para que más personas se informen,,,,claro imposible usac seguir lucha mientras compartir video persona informar
WIUZtitfLRw,Ugxf6gnAtXKqV1Q_zRd4AaABAg,Caminar en una ciudad hecha para carros,Quorum,UCE4rsXcgDb6e1-a9iTbWzfg,@blogarteplus,UCVhif9eV0f8plICen2DnpKA,"Excelente reportaje. Les comparto algo que escribí en mi blog sobre mi experiencia siendo peatón en la cabecera departamental de Jutiapa, acá en Guatemala. 
https://mrmannoticias.blogspot.com/2018/04/el-indomito-peaton-de-jutiapa.html",@quorumgt/videos,channel,quorum_complete_comments.csv | youtube_guatemala_plus_comments.csv,/@blogarteplus,hace 1 año, ,0,False,,/@blogarteplus,0,"Excelente reportaje. Les comparto algo que escribí en mi blog sobre mi experiencia siendo peatón en la cabecera departamental de Jutiapa, acá en Guatemala. 
https://mrmannoticias.blogspot.com/2018/04/el-indomito-peaton-de-jutiapa.html",,,,excelente reportaje compartir escribir blog experiencia ser peatón cabecera departamental jutiapa acá guatemala
n8iP75gIpmw,UgxfUxJfY_pjvu9318Z4AaABAg,Qué rico come tu diputado,Quorum,UCE4rsXcgDb6e1-a9iTbWzfg,@JoseSimilox-p6e,UC1vr9aaMI2crB0NvwFHUeoQ,Ese diputado es mañoso y abusivo como todos solo de artar no hacen nada bueno por el pueblo ladrones el pueblo le paga de Ai tiene que pagar su almuerzo,@quorumgt/videos,channel,quorum_complete_comments.csv | youtube_guatemala_plus_comments.csv,/@JoseSimilox-p6e,hace 1 año, ,0,False,,/@JoseSimilox-p6e,0,Ese diputado es mañoso y abusivo como todos solo de artar no hacen nada bueno por el pueblo ladrones el pueblo le paga de Ai tiene que pagar su almuerzo,,,,diputado mañoso abusivo solo artar hacer bueno pueblo ladrón pueblo paga ai pagar almuerzo
n8iP75gIpmw,UgxfnbtuhVQuDILnXj14AaABAg,Qué rico come tu diputado,Quorum,UCE4rsXcgDb6e1-a9iTbWzfg,@ArielRodas-g5y,UCEgEQmRbtL5fwr9_DqAC--g,Que no justifique. Trabajo es trabajo y tiene que haser algo,@quorumgt/videos,channel,quorum_complete_comments.csv | youtube_guatemala_plus_comments.csv,/@ArielRodas-g5y,hace 2 años,2,0,False,,/@ArielRodas-g5y,2,Que no justifique. Trabajo es trabajo y tiene que haser algo,,,,justificar trabajo trabajo haser
lj983NWyAQY,Ugxgxziq7k4s9WwmauB4AaABAg,Plan 2032 Ciudad de Guatemala,Municipalidad de Guatemala,UCXa6LVjBzUtmcM3cwbd9e2w,@jeanmorales1677,UCIUhbSCy3-SGRe5UtqM4fzQ,Es problema es el exceso de vehículos y eso nadie lo podrá resolver sin contar la falta de educación vial que genera bastante tráfico ya q todos quieren pasar al mismo tiempo. Pero son buenos proyectos.,Municipalidad de Guatemala,topic,lj983NWyAQY_out_comments.csv | youtube_guatemala_plus_comments.csv,/@jeanmorales1677,hace 4 años,1,0,False,,/@jeanmorales1677,1,Es problema es el exceso de vehículos y eso nadie lo podrá resolver sin contar la falta de educación vial que genera bastante tráfico ya q todos quieren pasar al mismo tiempo. Pero son buenos proyectos.,,,,problema exceso vehículo nadie poder resolver contar falta educación vial generar bastante tráfico querer pasar mismo tiempo bueno proyecto
OkXlHx0hx-8,UgxiEgXuexKPtHEwAQJ4AaABAg,EE.UU. envía a mexicanos deportados a Guatemala antes de su regreso a México | Noticias Telemundo,Noticias Telemundo,UCRwA1NUcUnwsly35ikGhp0A,@jesusguzman2321,UCozFYHN0e_-vlQbX3wQGOug,Esa son la noticia de univision y Telemundo  no dan otra positiva al gobierno  ya lo estamos desenmascarando  su manipulación,guatemala noticias,topic,youtube_guatemala_comments.csv | youtube_guatemala_plus_comments.csv,/@jesusguzman2321,hace 1 día,5,2,False,,/@jesusguzman2321,5,Esa son la noticia de univision y Telemundo  no dan otra positiva al gobierno  ya lo estamos desenmascarando  su manipulación,,,,noticia univision telemundo dar positivar gobierno desenmascarar manipulación
OkXlHx0hx-8,UgxiEgXuexKPtHEwAQJ4AaABAg.Aa9HLCNywwKAa9OgyseDes,EE.UU. envía a mexicanos deportados a Guatemala antes de su regreso a México | Noticias Telemundo,Noticias Telemundo,UCRwA1NUcUnwsly35ikGhp0A,@Ripped-Yoda,UCQMMuADgqWUOcJpLwHOzC-g,Bajo el crimen y la oferta de casas crecio en Texas…..lastima por tamto ilegal,guatemala noticias,topic,youtube_guatemala_comments.csv | youtube_guatemala_plus_comments.csv,/@Ripped-Yoda,hace 1 día, ,0,False,,/@Ripped-Yoda,0,Bajo el crimen y la oferta de casas crecio en Texas…..lastima por tamto ilegal,,,,bajo crimen oferta casa crecio texas lastimar tamto ilegal
OkXlHx0hx-8,UgxiEgXuexKPtHEwAQJ4AaABAg.Aa9HLCNywwKAa9ZeEQh7n7,EE.UU. envía a mexicanos deportados a Guatemala antes de su regreso a México | Noticias Telemundo,Noticias Telemundo,UCRwA1NUcUnwsly35ikGhp0A,@mariaalexander427,UC-QOpE7GOxlXcHZ8b7HbQKA,💯Correcto.  Unicoyote y Telementiras ya jartan con la misma novela y teatro todos los dias.,guatemala noticias,topic,youtube_guatemala_comments.csv | youtube_guatemala_plus_comments.csv,/@mariaalexander427,hace 1 día, ,0,False,,/@mariaalexander427,0,💯Correcto.  Unicoyote y Telementiras ya jartan con la misma novela y teatro todos los dias.,,,💯,correcto unicoyote telementiras jartan mismo novela teatro dias
lj983NWyAQY,Ugxj76_NAyOnh_vsgMV4AaABAg,Plan 2032 Ciudad de Guatemala,Municipalidad de Guatemala,UCXa6LVjBzUtmcM3cwbd9e2w,@sabinamarinaguerra3248,UC0RpuMwkDKJYqgKHtsJRuWQ,Se ve moderna Y bella la ciudad de Guatemala .......Saludos desde Ecuador,Municipalidad de Guatemala,topic,lj983NWyAQY_out_comments.csv | youtube_guatemala_plus_comments.csv,/@sabinamarinaguerra3248,hace 7 años,113,1,False,,/@sabinamarinaguerra3248,113,Se ve moderna Y bella la ciudad de Guatemala .......Saludos desde Ecuador,,,,ve moderno bello ciudad guatemala saludo ecuador
6W4u8sGEnGM,UgxkcFai5KbeHyhGbnF4AaABAg,Inician los trabajos de recuperación del Puente Belice II.,Gobierno de la República de Guatemala,UC-ZtFBHzgkYFh7whZkuR_Ag,@JorgeMunoz-gd9et,UC-HeUTT6_g-VoiWds2a4H-w,Señor presidente enfoque se en combatir la delincuencia y usted será recordado como el mejor presidente de Guatemala,Gobierno de la República de Guatemala,topic,youtube_guatemala_plus_comments.csv | youtube_lab_targets_small_comments.csv,/@JorgeMunoz-gd9et,hace 6 días, ,0,False,,/@JorgeMunoz-gd9et,0,Señor presidente enfoque se en combatir la delincuencia y usted será recordado como el mejor presidente de Guatemala,,,,señor presidente enfoque combatir delincuencia usted recordar mejor presidente guatemala
n8iP75gIpmw,Ugxl5bLZ1llR9fV0V0l4AaABAg,Qué rico come tu diputado,Quorum,UCE4rsXcgDb6e1-a9iTbWzfg,@alfonsomorales2653,UC2Y_EHWQKevubk4vOEBBFxw,"Demos Like y comentemos en este tipo de contenido, asi mas gente se entera de estos tranzas 
Risa dá que pida que hanlen de lo que ""hace bien""..... Es su trabajo pedazo de M",@quorumgt/videos,channel,quorum_complete_comments.csv | youtube_guatemala_plus_comments.csv,/@alfonsomorales2653,hace 2 años,1,0,False,,/@alfonsomorales2653,1,"Demos Like y comentemos en este tipo de contenido, asi mas gente se entera de estos tranzas 
Risa dá que pida que hanlen de lo que ""hace bien""..... Es su trabajo pedazo de M",,,,demo like comentar tipo contenido asi mas gente enterar tranzar risa dá pedir hanlen hacer bien trabajo pedazo
j43HgwYFKfk,UgxoLjEjkngSVGZvO1N4AaABAg,La cooptación de Walter Mazariegos en la USAC,Quorum,UCE4rsXcgDb6e1-a9iTbWzfg,@inge_vergueta,UCpsKOkt5iWTbenzeuq7dsmQ,👏👏👏👏👏👏,@quorumgt,topic,j43HgwYFKfk_out_comments.csv | quorum_complete_comments.csv | youtube_guatemala_plus_comments.csv,/@inge_vergueta,hace 1 año,2,0,False,,/@inge_vergueta,2,👏👏👏👏👏👏,,,👏|👏|👏|👏|👏|👏,
n8iP75gIpmw,Ugxoc10_rBva4f6IW2N4AaABAg,Qué rico come tu diputado,Quorum,UCE4rsXcgDb6e1-a9iTbWzfg,@TeresaLucero-b5o,UCwW2OFy95P7ZBkOPxWkpvYg,Que devuelvan el pisto ...,@quorumgt/videos,channel,quorum_complete_comments.csv | youtube_guatemala_plus_comments.csv,/@TeresaLucero-b5o,hace 2 años,1,0,False,,/@TeresaLucero-b5o,1,Que devuelvan el pisto ...,,,,devolver pisto
yLZS3JiEBg8,UgxovP0Yh3_qrKdrKrp4AaABAg,Arroz con pollo a la MONOPOLIO,Quorum,UCE4rsXcgDb6e1-a9iTbWzfg,@marioramirez299,UCwEe1RKlEv1UpNWmWYfSh4w,"Primera contradicción ¿Cómo le van a poner un conjunto de reglas a un ""libre mercado"". Al hacer la ley ya no será un libre mercado.

El problema no es la falta de ley. El problema es el sistema capitalista. No hay que darle tanta vuelta",@quorumgt/videos,channel,quorum_complete_comments.csv | youtube_guatemala_plus_comments.csv,/@marioramirez299,hace 2 años, ,0,False,,/@marioramirez299,0,"Primera contradicción ¿Cómo le van a poner un conjunto de reglas a un ""libre mercado"". Al hacer la ley ya no será un libre mercado.

El problema no es la falta de ley. El problema es el sistema capitalista. No hay que darle tanta vuelta",,,,primera contradicción cómo ir poner conjunto regla libre mercado hacer ley libre mercado problema falta ley problema sistema capitalista darle tanto vuelta
n8iP75gIpmw,UgxpFKbiejsVGSNIcTh4AaABAg,Qué rico come tu diputado,Quorum,UCE4rsXcgDb6e1-a9iTbWzfg,@nestormendez6216,UCQtICyzWmhC5woCtbNgaSmg,Esa bancada Cabal y otros siguen en la terquedad de gastar en comida. A nadie le deben pagar su comida. A nadie. NADIE.,@quorumgt/videos,channel,quorum_complete_comments.csv | youtube_guatemala_plus_comments.csv,/@nestormendez6216,hace 2 años, ,0,False,,/@nestormendez6216,0,Esa bancada Cabal y otros siguen en la terquedad de gastar en comida. A nadie le deben pagar su comida. A nadie. NADIE.,,,,bancada cabal seguir terquedad gastar comida nadie deber pagar comida nadie nadie
n8iP75gIpmw,UgxqEChOyWebtVaqy-V4AaABAg,Qué rico come tu diputado,Quorum,UCE4rsXcgDb6e1-a9iTbWzfg,@cuabatzjj5924,UCDlr1VadSucIZgZ171pRBjQ,Soy yo vi Cua Batz,@quorumgt/videos,channel,quorum_complete_comments.csv | youtube_guatemala_plus_comments.csv,/@cuabatzjj5924,hace 2 años, ,0,False,,/@cuabatzjj5924,0,Soy yo vi Cua Batz,,,,ver cua batz
n8iP75gIpmw,UgxqSfWMWvqMX8tiC5x4AaABAg,Qué rico come tu diputado,Quorum,UCE4rsXcgDb6e1-a9iTbWzfg,@fredymendez1786,UCHhHUjaMAZ8SiXdCUCj9DkQ,"me imagino que en los horarios que deberian de estar trabajando estan durmiendo por eso aparecen , dicen que trabajando pero es es solamente haciendo carnitas asadas y cerveciando.",@quorumgt/videos,channel,quorum_complete_comments.csv | youtube_guatemala_plus_comments.csv,/@fredymendez1786,hace 2 años,2,0,False,,/@fredymendez1786,2,"me imagino que en los horarios que deberian de estar trabajando estan durmiendo por eso aparecen , dicen que trabajando pero es es solamente haciendo carnitas asadas y cerveciando.",,,,imaginar horario deberian trabajar estar dormir aparecer decir trabajar solamente hacendar carnitas asar cerveciando
lj983NWyAQY,UgxrZBO3MtEqcgXAIEN4AaABAg,Plan 2032 Ciudad de Guatemala,Municipalidad de Guatemala,UCXa6LVjBzUtmcM3cwbd9e2w,@elenaluarca9377,UCxKR3RA8T-kxMgq_2WWhRcQ,"Que bueno que Guatemala sea una cuidad bonita y ojalá todos los proyectos sean realidad. Se los deseo con todo corazón de una salvadoreña que gusta mucho de la cuidad de Guatemala , donde me crie y viví por mucho tiempo y la considero mi segundo país, viva Guatemala y viva todo Centroamérica.",Municipalidad de Guatemala,topic,lj983NWyAQY_out_comments.csv | youtube_guatemala_plus_comments.csv,/@elenaluarca9377,hace 7 años,329,5,False,,/@elenaluarca9377,329,"Que bueno que Guatemala sea una cuidad bonita y ojalá todos los proyectos sean realidad. Se los deseo con todo corazón de una salvadoreña que gusta mucho de la cuidad de Guatemala , donde me crie y viví por mucho tiempo y la considero mi segundo país, viva Guatemala y viva todo Centroamérica.",,,,bueno guatemala cuidar bonito ojalá proyecto realidad deseo corazón salvadoreño gustar cuidar guatemala criar vivir tiempo considerar segundo país vivar guatemala vivar centroamérica
3Nfp9h5avBI,UgxswojCyw1a0RuHVEp4AaABAg,"Noticiero en Directo 1 pm, 28 de Agosto de 2026",Noticiero Guatevisión 13 Hrs.,UCdSVqHGHzyMTXSafUHY-e-w,@alfonsowilian9157,UCJxJC56BSAX-ArD0NAb9qnQ,La persona encargada del ecosistema que ayude a este problema.,guatemala noticias,topic,youtube_guatemala_comments.csv | youtube_guatemala_plus_comments.csv,/@alfonsowilian9157,hace 22 horas, ,0,False,,/@alfonsowilian9157,0,La persona encargada del ecosistema que ayude a este problema.,,,,persona encargado ecosistema ayudar problema
lj983NWyAQY,UgxuO_1lX_-jTQfAzZx4AaABAg,Plan 2032 Ciudad de Guatemala,Municipalidad de Guatemala,UCXa6LVjBzUtmcM3cwbd9e2w,@rolandojuchuna484,UCqilIa8r7iek5sGYg_q6ofA,Sería  muy bueno construir el tren a nivel departamentales hacia la ciudad de Guatemala,Municipalidad de Guatemala,topic,lj983NWyAQY_out_comments.csv | youtube_guatemala_plus_comments.csv,/@rolandojuchuna484,hace 7 años,52,1,False,,/@rolandojuchuna484,52,Sería  muy bueno construir el tren a nivel departamentales hacia la ciudad de Guatemala,,,,bueno construir tren nivel departamental hacia ciudad guatemala
3Nfp9h5avBI,UgxudaO35O8XcM9Wu4t4AaABAg,"Noticiero en Directo 1 pm, 28 de Agosto de 2026",Noticiero Guatevisión 13 Hrs.,UCdSVqHGHzyMTXSafUHY-e-w,@MiguelJordan-n3g,UCyor0Mmm0ivLX2jIdyGp84Q,Q  recuerdos esta dejando semiya se pierden armas del estado la delincuencia no reduse,guatemala noticias,topic,youtube_guatemala_comments.csv | youtube_guatemala_plus_comments.csv,/@MiguelJordan-n3g,hace 23 horas, ,0,False,,/@MiguelJordan-n3g,0,Q  recuerdos esta dejando semiya se pierden armas del estado la delincuencia no reduse,,,,recuerdo dejar semiya perder arma delincuencia reduse
j43HgwYFKfk,UgxvgdNqovIhqUZDxUx4AaABAg,La cooptación de Walter Mazariegos en la USAC,Quorum,UCE4rsXcgDb6e1-a9iTbWzfg,@carloslam5333,UCpe5jW3MIqkgTJ-PgkzvM6Q,Y los estudiantes de la usac que han echo?,@quorumgt/videos,channel,quorum_complete_comments.csv | youtube_guatemala_plus_comments.csv,/@carloslam5333,hace 1 año,1,0,False,,/@carloslam5333,1,Y los estudiantes de la usac que han echo?,,,,estudiante usac echar
n8iP75gIpmw,UgxvmbFNm6tYRX6yfLN4AaABAg,Qué rico come tu diputado,Quorum,UCE4rsXcgDb6e1-a9iTbWzfg,@eusebiovasquez4385,UCz3gu01bmjNv0DpRq-K3XYg,Pero que trabajo ase este delincuente si sólo robar,@quorumgt/videos,channel,quorum_complete_comments.csv | youtube_guatemala_plus_comments.csv,/@eusebiovasquez4385,hace 2 años,1,0,False,,/@eusebiovasquez4385,1,Pero que trabajo ase este delincuente si sólo robar,,,,trabajo asar delincuente si sólo robar
j43HgwYFKfk,Ugxvt0tvqY4UlDS2hoh4AaABAg,La cooptación de Walter Mazariegos en la USAC,Quorum,UCE4rsXcgDb6e1-a9iTbWzfg,@jorgeaguilar-bq3uj,UCuXmOjxC-htcprLgeVXz6Tg,"FUERA MAZARIEGOS DE LA USAC, TÍTERE DEL PACTO DE CORRUPTOS!!!
Guatemala necesita que CICIG vuelva y reinicie la lucha anti corrupción, el pacto de corruptos encabezado por la fundación contra el terrorismo ya tiene cooptadas todas las instituciones de justicia, especialmente el MP. 👍⚖️",@quorumgt/videos,channel,quorum_complete_comments.csv | youtube_guatemala_plus_comments.csv,/@jorgeaguilar-bq3uj,hace 1 año,1,0,False,,/@jorgeaguilar-bq3uj,1,"FUERA MAZARIEGOS DE LA USAC, TÍTERE DEL PACTO DE CORRUPTOS!!!
Guatemala necesita que CICIG vuelva y reinicie la lucha anti corrupción, el pacto de corruptos encabezado por la fundación contra el terrorismo ya tiene cooptadas todas las instituciones de justicia, especialmente el MP. 👍⚖️",,,👍|⚖,mazariegos usac títere pacto corrupto guatemala necesitar cicig volver reiniciar lucha anti corrupción pacto corrupto encabezado fundación terrorismo cooptar todo institución justicia especialmente mp
PjmxCj-a9Hg,UgxvxNmPMdRuRDptJQN4AaABAg,Conferencia de Prensa del Gobierno de Guatemala. #LaRondaGt,Gobierno de la República de Guatemala,UC-ZtFBHzgkYFh7whZkuR_Ag,@juandeleon9060,UCNIeXbV_mEwpa412h1aqUWw,Porque. No salen. Acombatir LA seguridad. En las calles. Acombatir LA corruption. Policiacas...,@GobiernodeGuatemala,topic,PjmxCj-a9Hg_out_comments.csv | youtube_guatemala_plus_comments.csv,/@juandeleon9060,hace 1 año,2,0,False,,/@juandeleon9060,2,Porque. No salen. Acombatir LA seguridad. En las calles. Acombatir LA corruption. Policiacas...,,,,salar acombatir seguridad calle acombatir corruption policiaco
n8iP75gIpmw,Ugxw_1trnd8loD3302V4AaABAg,Qué rico come tu diputado,Quorum,UCE4rsXcgDb6e1-a9iTbWzfg,@dantesarti4351,UCySYJU5kUh7X8gVt9la2ISA,"Porque no hacen sus reuniones de ''trabajo'' en el comedor de doña Chonita, como dijo giammattei, almuerzos de Q25.00 y pagados con sus sueldos.",@quorumgt/videos,channel,quorum_complete_comments.csv | youtube_guatemala_plus_comments.csv,/@dantesarti4351,hace 1 año, ,0,False,,/@dantesarti4351,0,"Porque no hacen sus reuniones de ''trabajo'' en el comedor de doña Chonita, como dijo giammattei, almuerzos de Q25.00 y pagados con sus sueldos.",,,,hacer reunión trabajo comedor don chonita decir giammattei almuerzo q25 pagar sueldo
n8iP75gIpmw,UgxxNu7QTJHuAgFaEYN4AaABAg,Qué rico come tu diputado,Quorum,UCE4rsXcgDb6e1-a9iTbWzfg,@virgiliogarcia3039,UCHTGCgY2l-DQJIvlA_cpa_Q,El pueblo ya estaba trankilo ya que segun decian les habian quitado el almuerzo a esos ladronasos pero me estoy dando cuenta que no el pueblo les estamos pagando un sueldo jugoso y todabia pagando sus comidas que desgracia que hase ese presidente del congreso y el del pais bernardo arebalo engañadores al pueblo que pasa Nery Ramos,@quorumgt/videos,channel,quorum_complete_comments.csv | youtube_guatemala_plus_comments.csv,/@virgiliogarcia3039,hace 2 años, ,0,False,,/@virgiliogarcia3039,0,El pueblo ya estaba trankilo ya que segun decian les habian quitado el almuerzo a esos ladronasos pero me estoy dando cuenta que no el pueblo les estamos pagando un sueldo jugoso y todabia pagando sus comidas que desgracia que hase ese presidente del congreso y el del pais bernardo arebalo engañadores al pueblo que pasa Nery Ramos,,,,pueblo trankilo segun decian habian quitar almuerzo ladronasos dar cuenta pueblo pagar sueldo jugoso todabia pagar comida desgracia hase presidente congreso pais bernardo arebalo engañador pueblo pasa nery ramo
OkXlHx0hx-8,UgxxdDS3FUc53KWN3KF4AaABAg,EE.UU. envía a mexicanos deportados a Guatemala antes de su regreso a México | Noticias Telemundo,Noticias Telemundo,UCRwA1NUcUnwsly35ikGhp0A,@BelkisRodriguezRamirez,UCPNXmbOBVeC4HS-xemvcPtQ,"Si alguien viene a mi casa sin invitación yo no lo dejo entrar y si entra a la fuerza se busca un problema,eso pasa con los inmigrantes que entraron ilegalmente.",guatemala noticias,topic,youtube_guatemala_comments.csv | youtube_guatemala_plus_comments.csv,/@BelkisRodriguezRamirez,hace 1 día,2,3,False,,/@BelkisRodriguezRamirez,2,"Si alguien viene a mi casa sin invitación yo no lo dejo entrar y si entra a la fuerza se busca un problema,eso pasa con los inmigrantes que entraron ilegalmente.",,,,si alguien venir casa invitación dejo entrar si entrar fuerza busca problema pasa inmigrante entrar ilegalmente
n8iP75gIpmw,Ugxy4k7pO6jFtwyDyFp4AaABAg,Qué rico come tu diputado,Quorum,UCE4rsXcgDb6e1-a9iTbWzfg,@mdelcid01,UCtUR3_CAiE7fCoZHM6cMfyQ,Rodas se le olvida que reciven un jugoso salario por el trabajo que hacen.,@quorumgt/videos,channel,quorum_complete_comments.csv | youtube_guatemala_plus_comments.csv,/@mdelcid01,hace 2 años,10,0,False,,/@mdelcid01,10,Rodas se le olvida que reciven un jugoso salario por el trabajo que hacen.,,,,roda olvidar reciven jugoso salario trabajo hacer
WIUZtitfLRw,Ugxz9vnSvQJNt4YNbYV4AaABAg,Caminar en una ciudad hecha para carros,Quorum,UCE4rsXcgDb6e1-a9iTbWzfg,@juliogutierrez492,UCGj2v6Gl5bN8NSrzJMXS-CA,El respeto paso peatonal no existe en ningún lado y las personas tienen que esquivar a los carros por qué no respetan y las motos se pasan en rojo se lo pasan llevando a uno,@quorumgt/videos,channel,quorum_complete_comments.csv | youtube_guatemala_plus_comments.csv,/@juliogutierrez492,hace 1 año, ,0,False,,/@juliogutierrez492,0,El respeto paso peatonal no existe en ningún lado y las personas tienen que esquivar a los carros por qué no respetan y las motos se pasan en rojo se lo pasan llevando a uno,,,,respeto paso peatonal existir ninguno lado persona esquivar carro respetar moto pasar rojo pasar llevar
yLZS3JiEBg8,UgxzETIqBajjXFTGd_R4AaABAg,Arroz con pollo a la MONOPOLIO,Quorum,UCE4rsXcgDb6e1-a9iTbWzfg,@Alejandro00710,UCbrtvygfRT6QXqWDNrOf-cA,"Y solo con esta información nos damos con la realidad del CACIF y sus intereses, estamos jodidos si no hacemos algo.",@quorumgt/videos,channel,quorum_complete_comments.csv | youtube_guatemala_plus_comments.csv,/@Alejandro00710,hace 2 años, ,0,False,,/@Alejandro00710,0,"Y solo con esta información nos damos con la realidad del CACIF y sus intereses, estamos jodidos si no hacemos algo.",,,,solo información dar realidad cacif interesar joder si hacer
n8iP75gIpmw,UgxzN9_I9vkDCdX_8dN4AaABAg,Qué rico come tu diputado,Quorum,UCE4rsXcgDb6e1-a9iTbWzfg,@AndresMedina-v1s,UCOh6DaZC_x9HASnlRylEMfw,Si se reformarla ley de partidos políticos esos infelices jamás en la historia pondrian un pie En el congreso y muy probablemente terminarían en la carcel,@quorumgt/videos,channel,quorum_complete_comments.csv | youtube_guatemala_plus_comments.csv,/@AndresMedina-v1s,hace 2 años, ,0,False,,/@AndresMedina-v1s,0,Si se reformarla ley de partidos políticos esos infelices jamás en la historia pondrian un pie En el congreso y muy probablemente terminarían en la carcel,,,,si reformarla ley partido político infeliz jamás historia pondrian pie congreso probablemente terminar carcel
n8iP75gIpmw,Ugy0LbKWrqUFhWPRoKN4AaABAg,Qué rico come tu diputado,Quorum,UCE4rsXcgDb6e1-a9iTbWzfg,@elmorodriguez6978,UCL1MT278vSaQ83ZDkVWn1gw,"Que estos diputados no se rían y burlen del pueblo desnutrido y muriéndose de hambre. Llegará el momento y no será muy tarde para nosotros que los pusimos los tengamos que sacar de su caja de oro y cuando el pueblo se levante y los saque de su chiquero van a arrepentirse de lo mal de sus acciones. Así será para los miembros de la CC,MP,CONGRESO,CSJ,OJ y otros que han apañado las burlas al pueblo. 48 cantones también vendrán a salvar al pueblo. Estamos artos de tanta corrupción.",@quorumgt/videos,channel,quorum_complete_comments.csv | youtube_guatemala_plus_comments.csv,/@elmorodriguez6978,hace 2 años,20,0,False,,/@elmorodriguez6978,20,"Que estos diputados no se rían y burlen del pueblo desnutrido y muriéndose de hambre. Llegará el momento y no será muy tarde para nosotros que los pusimos los tengamos que sacar de su caja de oro y cuando el pueblo se levante y los saque de su chiquero van a arrepentirse de lo mal de sus acciones. Así será para los miembros de la CC,MP,CONGRESO,CSJ,OJ y otros que han apañado las burlas al pueblo. 48 cantones también vendrán a salvar al pueblo. Estamos artos de tanta corrupción.",,,,diputado reír burlar pueblo desnutrir muriéndose hambre llegar momento tarde poner sacar caja oro pueblo levante saque chiquero ir arrepentirse mal accionar así miembro cc mp congreso csj oj apañar burla pueblo cantonar venir salvar pueblo artos tanto corrupción
n8iP75gIpmw,Ugy0LbKWrqUFhWPRoKN4AaABAg.A7epXgDRFjZA7f-Z-rKQOV,Qué rico come tu diputado,Quorum,UCE4rsXcgDb6e1-a9iTbWzfg,@luisparedes-pw6qt,UC8G5cJONY8L9voMyBW8Eoug,Ni en su casa habían comido esas viandas. Son unos sinverguenzas,@quorumgt/videos,channel,quorum_complete_comments.csv | youtube_guatemala_plus_comments.csv,/@luisparedes-pw6qt,hace 2 años, ,0,False,,/@luisparedes-pw6qt,0,Ni en su casa habían comido esas viandas. Son unos sinverguenzas,,,,casa comedir vianda sinverguenzas
n8iP75gIpmw,Ugy0dVAcWghuyCdAVS54AaABAg,Qué rico come tu diputado,Quorum,UCE4rsXcgDb6e1-a9iTbWzfg,@LuisCastillo-oz4df,UC7VUuJr9cGh845CmTvf7TlQ,Está bien que se Arten asta ya no y los más pobres  muriendo de hambre pero si dices comes fuera de la hora es tu problema para que la  huesiaste pues,@quorumgt/videos,channel,quorum_complete_comments.csv | youtube_guatemala_plus_comments.csv,/@LuisCastillo-oz4df,hace 2 años,1,0,False,,/@LuisCastillo-oz4df,1,Está bien que se Arten asta ya no y los más pobres  muriendo de hambre pero si dices comes fuera de la hora es tu problema para que la  huesiaste pues,,,,bien arten asta pobre morir hambre si decir comer hora problema huesiaste pues
n8iP75gIpmw,Ugy1neHHTJYO0umhgLt4AaABAg,Qué rico come tu diputado,Quorum,UCE4rsXcgDb6e1-a9iTbWzfg,@diegoalejandrolopezmendez205,UCFhxtoeARHPnXXPcDrOU3Xg,"Yo trabajé en joya negra 
Sandra jovel también llega mucho 
Y el profe Luis Fernando tena",@quorumgt/videos,channel,quorum_complete_comments.csv | youtube_guatemala_plus_comments.csv,/@diegoalejandrolopezmendez205,hace 2 años,2,0,False,,/@diegoalejandrolopezmendez205,2,"Yo trabajé en joya negra 
Sandra jovel también llega mucho 
Y el profe Luis Fernando tena",,,,trabajar joya negro sandra jovel llegar profe luis fernando tena
n8iP75gIpmw,Ugy2FaeBadbmVJj7F714AaABAg,Qué rico come tu diputado,Quorum,UCE4rsXcgDb6e1-a9iTbWzfg,@carlossoto3252,UCAlzM_N6xBlMYmM8EBzX86Q,"😂Que disculpe el diputado Rodas. Cuando uno decide trabajar o ser trabajador del Estado y ser un funcionario de ese nivel no hay horarios. Si no le gusta y no está contento que renuncié. Los diputados son unos abusivos y son mediocres. Tantos asesores, para que? Lo que dice éste diputado es estúpido. Su trabajo  debe ser para el pueblo. Y comparto la investigación respecto a esto. Estos diputados cómo corderitos asistieron a la orden de la Fiscal del MP.",@quorumgt/videos,channel,quorum_complete_comments.csv | youtube_guatemala_plus_comments.csv,/@carlossoto3252,hace 2 años,3,0,False,,/@carlossoto3252,3,"😂Que disculpe el diputado Rodas. Cuando uno decide trabajar o ser trabajador del Estado y ser un funcionario de ese nivel no hay horarios. Si no le gusta y no está contento que renuncié. Los diputados son unos abusivos y son mediocres. Tantos asesores, para que? Lo que dice éste diputado es estúpido. Su trabajo  debe ser para el pueblo. Y comparto la investigación respecto a esto. Estos diputados cómo corderitos asistieron a la orden de la Fiscal del MP.",,,😂,disculpar diputado roda decidir trabajar ser trabajador ser funcionario nivel horario si gustar contento renunciar diputado abusivo mediocre tanto asesorar decir este diputado estúpido trabajo debe ser pueblo compartir investigación respecto diputado cómo corderitos asistir orden fiscal mp
j43HgwYFKfk,Ugy4JA9MR8l_gkTNgWh4AaABAg,La cooptación de Walter Mazariegos en la USAC,Quorum,UCE4rsXcgDb6e1-a9iTbWzfg,@AndresLemus-k2d,UClqA491Xa5fQcXcJJa-vTWw,"Ya saquen A Ese corrupto 
Y Es un montón de políticos corruptos que 
Andan allí en todas las instituciones 
Montón de corruptos",@quorumgt,topic,j43HgwYFKfk_out_comments.csv | quorum_complete_comments.csv | youtube_guatemala_plus_comments.csv,/@AndresLemus-k2d,hace 4 meses, ,0,False,,/@AndresLemus-k2d,0,"Ya saquen A Ese corrupto 
Y Es un montón de políticos corruptos que 
Andan allí en todas las instituciones 
Montón de corruptos",,,,sacar corrupto montón político corrupto andar allí todo institución montón corrupto
n8iP75gIpmw,Ugy4ex02KEXL5UFGjw14AaABAg,Qué rico come tu diputado,Quorum,UCE4rsXcgDb6e1-a9iTbWzfg,@virgiliogarcia3039,UCHTGCgY2l-DQJIvlA_cpa_Q,Que trabajo hasen esos corruptos,@quorumgt/videos,channel,quorum_complete_comments.csv | youtube_guatemala_plus_comments.csv,/@virgiliogarcia3039,hace 2 años,13,0,False,,/@virgiliogarcia3039,13,Que trabajo hasen esos corruptos,,,,trabajo hasen corrupto
n8iP75gIpmw,Ugy4utoHlyokVSeSi5h4AaABAg,Qué rico come tu diputado,Quorum,UCE4rsXcgDb6e1-a9iTbWzfg,@marioajset4283,UC3XTwHxygNCgjndsg-UiCQA,los niños guatemaltecos con Desnutrición crónica serán sus verdugos.,@quorumgt/videos,channel,quorum_complete_comments.csv | youtube_guatemala_plus_comments.csv,/@marioajset4283,hace 2 años, ,0,False,,/@marioajset4283,0,los niños guatemaltecos con Desnutrición crónica serán sus verdugos.,,,,niño guatemalteco desnutrición crónica verdugo
6W4u8sGEnGM,Ugy4x4u9e1_xRoppaMF4AaABAg,Inician los trabajos de recuperación del Puente Belice II.,Gobierno de la República de Guatemala,UC-ZtFBHzgkYFh7whZkuR_Ag,@cristianescobedo8296,UCvDwJBBY1mHK70aTEYl6rsA,"se espera que la obra se finalice en plazo de acuerdo a la programación del proyecto, de acuerdo a normas internacionales de construcción, que la contraloría audite  mes a mes y sobre todo que el proyecto no sea sobrevalorado o que tenga costos adicionales a lo ya pactado.",Gobierno de la República de Guatemala,topic,youtube_guatemala_plus_comments.csv | youtube_lab_targets_small_comments.csv,/@cristianescobedo8296,hace 6 días,1,0,False,,/@cristianescobedo8296,1,"se espera que la obra se finalice en plazo de acuerdo a la programación del proyecto, de acuerdo a normas internacionales de construcción, que la contraloría audite  mes a mes y sobre todo que el proyecto no sea sobrevalorado o que tenga costos adicionales a lo ya pactado.",,,,espera obra finalizar plazo acuerdo programación proyecto acuerdo norma internacional construcción contraloría auditar mes mes proyecto sobrevalorar costo adicional pactar
n8iP75gIpmw,Ugy5j8gzaawBk-mw5et4AaABAg,Qué rico come tu diputado,Quorum,UCE4rsXcgDb6e1-a9iTbWzfg,@ARGELIATELON,UCkd9W714-947dEE6ZOEBATA,Me pregunto si antes de ser diputados les alcanzaba su dinero para comer esos almuercitos y en esos lugares? Pero como don pueblo paga....vengase el almuercito. La historia ni él se la cree. O sea.... la 3a. parte de su salario para un almuerzo???,@quorumgt/videos,channel,quorum_complete_comments.csv | youtube_guatemala_plus_comments.csv,/@ARGELIATELON,hace 2 años (editado),3,0,False,,/@ARGELIATELON,3,Me pregunto si antes de ser diputados les alcanzaba su dinero para comer esos almuercitos y en esos lugares? Pero como don pueblo paga....vengase el almuercito. La historia ni él se la cree. O sea.... la 3a. parte de su salario para un almuerzo???,,,,preguntar si ser diputado alcanzar dinero comer almuercitos lugar don pueblo paga vengar almuercito historia creer 3a parte salario almuerzo
ndAZjHqzzT8,Ugy5lmf3RzzeJDUeqQd4AaABAg,Internet: escoger el menos malo,Quorum,UCE4rsXcgDb6e1-a9iTbWzfg,@Alejandro00710,UCbrtvygfRT6QXqWDNrOf-cA,"Eso sin mencionar el costo de sus servicios, la mala calidad del mismo, mientras no haya una ley de competencia nos van a seguir jodiendo, urge.",@quorumgt/videos,channel,quorum_complete_comments.csv | youtube_guatemala_plus_comments.csv,/@Alejandro00710,hace 2 años, ,0,False,,/@Alejandro00710,0,"Eso sin mencionar el costo de sus servicios, la mala calidad del mismo, mientras no haya una ley de competencia nos van a seguir jodiendo, urge.",,,,mencionar costo servicio malo calidad mismo mientras ley competencia ir seguir joder urgir
6W4u8sGEnGM,Ugy6Qii72nfxIpYyuCR4AaABAg,Inician los trabajos de recuperación del Puente Belice II.,Gobierno de la República de Guatemala,UC-ZtFBHzgkYFh7whZkuR_Ag,@albertoshernandez5251,UCV3fr-YOixFKCZBbJP1-X4w,TODO EL APOYO PARA EL PRESIDENTE BERNARDO AREVALO 👍🇬🇹👍,Gobierno de la República de Guatemala,topic,youtube_guatemala_plus_comments.csv | youtube_lab_targets_small_comments.csv,/@albertoshernandez5251,hace 6 días,5,0,False,,/@albertoshernandez5251,5,TODO EL APOYO PARA EL PRESIDENTE BERNARDO AREVALO 👍🇬🇹👍,,,👍|👍,apoyo presidente bernardo arevalo
JkpVO1hx2f8,Ugy6isIL3n6cvYbJG-94AaABAg,10 Preguntas a un año del Paro Nacional,Quorum,UCE4rsXcgDb6e1-a9iTbWzfg,@ninettmartinez425,UCWWkebAekppaL5b5CNlppuw,Yo vi en  Semilla y Bernardo Arévalo  una oportunidad para que Guatemala saliera de la corrupción.,@quorumgt/videos,channel,quorum_complete_comments.csv | youtube_guatemala_plus_comments.csv,/@ninettmartinez425,hace 1 año,3,0,False,,/@ninettmartinez425,3,Yo vi en  Semilla y Bernardo Arévalo  una oportunidad para que Guatemala saliera de la corrupción.,,,,ver semilla bernardo arévalo oportunidad guatemala salir corrupción
n8iP75gIpmw,Ugy6y6DL1AgyNzNpfMZ4AaABAg,Qué rico come tu diputado,Quorum,UCE4rsXcgDb6e1-a9iTbWzfg,@mynorrodas8591,UCjmPuazZJzscrwvk0QR9RVw,"😢que desgraciados estos sinvergüenzas porque no piden un almuerzo de Q30.00 no que  almuerzos  de millonarios  con la plata  del pueblo , si les gusta lo bueno que lo paguen con su dinero",@quorumgt/videos,channel,quorum_complete_comments.csv | youtube_guatemala_plus_comments.csv,/@mynorrodas8591,hace 2 años,2,0,False,,/@mynorrodas8591,2,"😢que desgraciados estos sinvergüenzas porque no piden un almuerzo de Q30.00 no que  almuerzos  de millonarios  con la plata  del pueblo , si les gusta lo bueno que lo paguen con su dinero",,,😢,desgraciado sinvergüenza pedir almuerzo q30 almuerzo millonario plata pueblo si gustar bueno pagar dinero
n8iP75gIpmw,Ugy7-QbaMzLjAO_vJMB4AaABAg,Qué rico come tu diputado,Quorum,UCE4rsXcgDb6e1-a9iTbWzfg,@OseasSamayoa-ol5rz,UCipetjeiWj4CZB6EbyYziZg,Que paguen de su sueldo sus alimentos si el pueblo de la miseria que  las empresas nos pagan lo pagamos,@quorumgt/videos,channel,quorum_complete_comments.csv | youtube_guatemala_plus_comments.csv,/@OseasSamayoa-ol5rz,hace 2 años, ,0,False,,/@OseasSamayoa-ol5rz,0,Que paguen de su sueldo sus alimentos si el pueblo de la miseria que  las empresas nos pagan lo pagamos,,,,pagar sueldo alimento si pueblo miseria empresa pagar pagar
n8iP75gIpmw,Ugy7Dk5SDB_d3RFlHU94AaABAg,Qué rico come tu diputado,Quorum,UCE4rsXcgDb6e1-a9iTbWzfg,@andyB5280,UCh5ESQvtzyHDhCA7XyekCFA,No quiere hablar de sus almuerzos se molesta . No le creo . que,@quorumgt/videos,channel,quorum_complete_comments.csv | youtube_guatemala_plus_comments.csv,/@andyB5280,hace 2 años,1,0,False,,/@andyB5280,1,No quiere hablar de sus almuerzos se molesta . No le creo . que,,,,querer hablar almuerzo molestar crear
WIUZtitfLRw,Ugy7b0JTkHodE4sTU_54AaABAg,Caminar en una ciudad hecha para carros,Quorum,UCE4rsXcgDb6e1-a9iTbWzfg,@jorgegomez2237,UCZIQnb1fkwe39Iw2TAu-bGA,"Como dijo pia, casi no existen banquetas, solo hay un pedazo donde se puede medio caminar... Y aun quiere que le demos gracias... #IneptoBran",@quorumgt/videos,channel,quorum_complete_comments.csv | youtube_guatemala_plus_comments.csv,/@jorgegomez2237,hace 1 año,1,0,False,,/@jorgegomez2237,1,"Como dijo pia, casi no existen banquetas, solo hay un pedazo donde se puede medio caminar... Y aun quiere que le demos gracias... #IneptoBran",IneptoBran,,,decir piar casi existir banqueta solo pedazo poder medio caminar aún querer demo gracia
n8iP75gIpmw,Ugy8csktFvR0eUZN4cp4AaABAg,Qué rico come tu diputado,Quorum,UCE4rsXcgDb6e1-a9iTbWzfg,@RobertoZelaya-x1v,UCTP3O0rMnc8z8v8jaDQwL0w,Señor Nery Ramos una empresa trabaja con capital propio con dinero del dueño de la empresa que le costado ganarcelo  usted  con el dinero del pueblo o cree que el estado es su empresa trabaje esfuersece  trabajen para tener una empresa no se coman lo del pueblo,@quorumgt/videos,channel,quorum_complete_comments.csv | youtube_guatemala_plus_comments.csv,/@RobertoZelaya-x1v,hace 2 años,1,0,False,,/@RobertoZelaya-x1v,1,Señor Nery Ramos una empresa trabaja con capital propio con dinero del dueño de la empresa que le costado ganarcelo  usted  con el dinero del pueblo o cree que el estado es su empresa trabaje esfuersece  trabajen para tener una empresa no se coman lo del pueblo,,,,señor nery ramo empresa trabajar capital propio dinero dueño empresa costado ganarcelo usted dinero pueblo creer empresa trabajar esfuersece trabajar tener empresa comer pueblo
n8iP75gIpmw,UgyAcWsNSqIPesdI3nF4AaABAg,Qué rico come tu diputado,Quorum,UCE4rsXcgDb6e1-a9iTbWzfg,@moisesvaldez4043,UCsUCN0Yq_UyTvKjOJLmNrnQ,"para los Guatemaltecos mejor si no hacen nada, poque cuando los hacen es en contra del pueblo Guatemlateco",@quorumgt/videos,channel,quorum_complete_comments.csv | youtube_guatemala_plus_comments.csv,/@moisesvaldez4043,hace 2 años, ,0,False,,/@moisesvaldez4043,0,"para los Guatemaltecos mejor si no hacen nada, poque cuando los hacen es en contra del pueblo Guatemlateco",,,,guatemalteco mejor si hacer poque hacer pueblo guatemlateco
j43HgwYFKfk,UgyB52GZe4-PXJ2TqYB4AaABAg,La cooptación de Walter Mazariegos en la USAC,Quorum,UCE4rsXcgDb6e1-a9iTbWzfg,@rosaelenaargueta79,UC3UVO7pTbeYvZ3ILEyRDskQ,Así debe informarse al pueblo sobre esta red de mafiosos!,@quorumgt,topic,j43HgwYFKfk_out_comments.csv | quorum_complete_comments.csv | youtube_guatemala_plus_comments.csv,/@rosaelenaargueta79,hace 1 año,1,0,False,,/@rosaelenaargueta79,1,Así debe informarse al pueblo sobre esta red de mafiosos!,,,,así debe informarse pueblo red mafioso
PjmxCj-a9Hg,UgyBhR2qUXgMe2NJjRN4AaABAg,Conferencia de Prensa del Gobierno de Guatemala. #LaRondaGt,Gobierno de la República de Guatemala,UC-ZtFBHzgkYFh7whZkuR_Ag,@herbertaguilar1387,UCuP4UK33HKtJE_S39ksmaTw,Con la corrupcion y narco gobierno de Morena en Mexico  Arevalo no deberia de hacer asociacion alguna . El pueblo de Mexico esta sufriendo .,@GobiernodeGuatemala,topic,PjmxCj-a9Hg_out_comments.csv | youtube_guatemala_plus_comments.csv,/@herbertaguilar1387,hace 1 año, ,0,False,,/@herbertaguilar1387,0,Con la corrupcion y narco gobierno de Morena en Mexico  Arevalo no deberia de hacer asociacion alguna . El pueblo de Mexico esta sufriendo .,,,,corrupcion narco gobierno morena mexico arevalo deberia hacer asociacion alguno pueblo mexico sufrir
PjmxCj-a9Hg,UgyC45vItnUiq1QrUtd4AaABAg,Conferencia de Prensa del Gobierno de Guatemala. #LaRondaGt,Gobierno de la República de Guatemala,UC-ZtFBHzgkYFh7whZkuR_Ag,@ericapaz5406,UClsrFGJKWPxxw7MiaEdKLXw,Señor presidente? Enfóquese  en el crimen que está destrozado al país y también al turismo aga uso de su poder para implementar leyes que combatan el crimen en general por favor  mire a su país vecino como un joven si pudo terminar con el crimen.,@GobiernodeGuatemala,topic,PjmxCj-a9Hg_out_comments.csv | youtube_guatemala_plus_comments.csv,/@ericapaz5406,hace 1 año,3,2,False,,/@ericapaz5406,3,Señor presidente? Enfóquese  en el crimen que está destrozado al país y también al turismo aga uso de su poder para implementar leyes que combatan el crimen en general por favor  mire a su país vecino como un joven si pudo terminar con el crimen.,,,,señor presidente enfóquese crimen destrozar país turismo aga uso poder implementar ley combatir crimen general favor mirar país vecino joven si poder terminar crimen
PjmxCj-a9Hg,UgyC45vItnUiq1QrUtd4AaABAg.ALgn-KZ7p47ALgvLAMzZ1A,Conferencia de Prensa del Gobierno de Guatemala. #LaRondaGt,Gobierno de la República de Guatemala,UC-ZtFBHzgkYFh7whZkuR_Ag,@ErmePérez-q4s,UCg3eIfd7BrsLEqS0BLkftHA,Ni te equivoques ni a terminado siguen siendo Salvatruchas y mareros.,@GobiernodeGuatemala,topic,PjmxCj-a9Hg_out_comments.csv | youtube_guatemala_plus_comments.csv,/@ErmeP%C3%A9rez-q4s,hace 1 año, ,0,False,,/@ErmePérez-q4s,0,Ni te equivoques ni a terminado siguen siendo Salvatruchas y mareros.,,,,equivocar terminar seguir ser salvatruchas marero
PjmxCj-a9Hg,UgyC45vItnUiq1QrUtd4AaABAg.ALgn-KZ7p47ALgwtbYMM1u,Conferencia de Prensa del Gobierno de Guatemala. #LaRondaGt,Gobierno de la República de Guatemala,UC-ZtFBHzgkYFh7whZkuR_Ag,@ErmePérez-q4s,UCg3eIfd7BrsLEqS0BLkftHA,"Y los  que fueron hacer los pandilleros del salvador en antigua que, siguen haviendo maras en el salvador y eso es un país de maras",@GobiernodeGuatemala,topic,PjmxCj-a9Hg_out_comments.csv | youtube_guatemala_plus_comments.csv,/@ErmeP%C3%A9rez-q4s,hace 1 año, ,0,False,,/@ErmePérez-q4s,0,"Y los  que fueron hacer los pandilleros del salvador en antigua que, siguen haviendo maras en el salvador y eso es un país de maras",,,,hacer pandillero salvador antiguar seguir haviendo maras salvador país maras
PjmxCj-a9Hg,UgyC45vItnUiq1QrUtd4AaABAg.ALgn-KZ7p47ALgx6SmnMen,Conferencia de Prensa del Gobierno de Guatemala. #LaRondaGt,Gobierno de la República de Guatemala,UC-ZtFBHzgkYFh7whZkuR_Ag,@ErmePérez-q4s,UCg3eIfd7BrsLEqS0BLkftHA,Y todo los que tienen tatuajes del salvador son pandilleros eso su dictador lo dijo. Así que no te venden humo 💨 todo lo que dicen del salvador.,@GobiernodeGuatemala,topic,PjmxCj-a9Hg_out_comments.csv | youtube_guatemala_plus_comments.csv,/@ErmeP%C3%A9rez-q4s,hace 1 año, ,0,False,,/@ErmePérez-q4s,0,Y todo los que tienen tatuajes del salvador son pandilleros eso su dictador lo dijo. Así que no te venden humo 💨 todo lo que dicen del salvador.,,,💨,tatuaje salvador pandillero dictador decir así vender humo decir salvador
06mFNPU0aB8,UgyC9HUMcvW-e_nFJK14AaABAg,Capturan a presuntos delincuentes disfrazados de mujer señalados de cometer asalto,Noti7,UCVpSRoZgngfSL03Nlbjtq9A,@ruddydepaz322,UCAxvOOHQk7dYPOajzFEVtbA,Así metan los al tambo con minifaldas allí no les ba a faltar la moronga.,guatemala noticias,topic,youtube_guatemala_comments.csv | youtube_guatemala_plus_comments.csv,/@ruddydepaz322,hace 2 semanas, ,0,False,,/@ruddydepaz322,0,Así metan los al tambo con minifaldas allí no les ba a faltar la moronga.,,,,así meter tambo minifalda allí ba faltar moronga
06mFNPU0aB8,UgyCFEFtEmhDbi91yCF4AaABAg,Capturan a presuntos delincuentes disfrazados de mujer señalados de cometer asalto,Noti7,UCVpSRoZgngfSL03Nlbjtq9A,@MacoMorales-i2i2d,UCq3mDTTRZnUybct5M9OSXbg,Destreza dise😅,guatemala noticias,topic,youtube_guatemala_comments.csv | youtube_guatemala_plus_comments.csv,/@MacoMorales-i2i2d,hace 2 semanas,1,0,False,,/@MacoMorales-i2i2d,1,Destreza dise😅,,,😅,destreza dise
n8iP75gIpmw,UgyCoulSuwV8jBnjbtN4AaABAg,Qué rico come tu diputado,Quorum,UCE4rsXcgDb6e1-a9iTbWzfg,@FidelZacarias-ph7dy,UCGzXwyCzMzGmjmCbH3Hg01Q,Ése señor entrevistador pertenece al PACTO DE CORRUPTOS....ATACA LA TRANSPARENCIA Y DEFIENDE A LOS CORRUPTOS.,@quorumgt/videos,channel,quorum_complete_comments.csv | youtube_guatemala_plus_comments.csv,/@FidelZacarias-ph7dy,hace 2 años,2,0,False,,/@FidelZacarias-ph7dy,2,Ése señor entrevistador pertenece al PACTO DE CORRUPTOS....ATACA LA TRANSPARENCIA Y DEFIENDE A LOS CORRUPTOS.,,,,ese señor entrevistador pertenecer pacto corrupto atacar transparencia defender corrupto
6W4u8sGEnGM,UgyD5CIXnbXNiM-a4VF4AaABAg,Inician los trabajos de recuperación del Puente Belice II.,Gobierno de la República de Guatemala,UC-ZtFBHzgkYFh7whZkuR_Ag,@OttoPalencia-b7r,UC0HvfEWozTHbwl_iEmJNvVA,Si el presidente ha sido un buen presidente pues hay que botar por el hay muchos que han hablado mal de él pero ellos no hacen nada por gustemala,Gobierno de la República de Guatemala,topic,youtube_guatemala_plus_comments.csv | youtube_lab_targets_small_comments.csv,/@OttoPalencia-b7r,hace 5 días,3,0,False,,/@OttoPalencia-b7r,3,Si el presidente ha sido un buen presidente pues hay que botar por el hay muchos que han hablado mal de él pero ellos no hacen nada por gustemala,,,,si presidente ser bueno presidente pues botar hablar mal hacer gustemala
6W4u8sGEnGM,UgyE6hk1g9jR7zB67lV4AaABAg,Inician los trabajos de recuperación del Puente Belice II.,Gobierno de la República de Guatemala,UC-ZtFBHzgkYFh7whZkuR_Ag,@megavision4488,UC14qlobYKqD-DO0j6b75lcA,seria bueno tambien hecharle mano a la ejecucion del puente  del rio la pasion que todoavia se esta utilizando ferry hay que hacer un puente rapido.,Gobierno de la República de Guatemala,topic,youtube_guatemala_plus_comments.csv | youtube_lab_targets_small_comments.csv,/@megavision4488,hace 3 días, ,0,False,,/@megavision4488,0,seria bueno tambien hecharle mano a la ejecucion del puente  del rio la pasion que todoavia se esta utilizando ferry hay que hacer un puente rapido.,,,,seriar bueno tambien hecharle mano ejecucion puente reír pasion todoavia utilizar ferry hacer puente rapido
n8iP75gIpmw,UgyEM7_iOGkWV0SbNuB4AaABAg,Qué rico come tu diputado,Quorum,UCE4rsXcgDb6e1-a9iTbWzfg,@edwinavila4876,UCiGRBf2RNF0WRKhRVT7zFoA,"Lamentablemente en nuestro país sigue la misma sinverguenzada. Este diputado quiere tapar el sol con un dedo. Qué pasaría si un profesor quisiera que le pagaran su comida aparte de su sueldo porque le está enseñando a
 dibujar a un niño.",@quorumgt/videos,channel,quorum_complete_comments.csv | youtube_guatemala_plus_comments.csv,/@edwinavila4876,hace 2 años, ,0,False,,/@edwinavila4876,0,"Lamentablemente en nuestro país sigue la misma sinverguenzada. Este diputado quiere tapar el sol con un dedo. Qué pasaría si un profesor quisiera que le pagaran su comida aparte de su sueldo porque le está enseñando a
 dibujar a un niño.",,,,lamentablemente país seguir mismo sinverguenzada diputado querer tapar sol dedo pasar si profesor querer pagar comida aparte sueldo enseñar dibujar niño
6W4u8sGEnGM,UgyFSrjeDvPsB0fKUdp4AaABAg,Inician los trabajos de recuperación del Puente Belice II.,Gobierno de la República de Guatemala,UC-ZtFBHzgkYFh7whZkuR_Ag,@elsasalguero6914,UCa36MjQLoPAmgJo-R3G8WQA,Que Dios bendiga al gobierno de Guatemala,Gobierno de la República de Guatemala,topic,youtube_guatemala_plus_comments.csv | youtube_lab_targets_small_comments.csv,/@elsasalguero6914,hace 6 días,3,0,False,,/@elsasalguero6914,3,Que Dios bendiga al gobierno de Guatemala,,,,dios bendecir gobierno guatemala
06mFNPU0aB8,UgyHHYcKhbzXr6xEjth4AaABAg,Capturan a presuntos delincuentes disfrazados de mujer señalados de cometer asalto,Noti7,UCVpSRoZgngfSL03Nlbjtq9A,@franciscoflores3120,UCjZgFEowMBrsjodqfovzdKw,Ay que  usarlos  como  mujeres,guatemala noticias,topic,youtube_guatemala_comments.csv | youtube_guatemala_plus_comments.csv,/@franciscoflores3120,hace 2 semanas, ,0,False,,/@franciscoflores3120,0,Ay que  usarlos  como  mujeres,,,,ay usarlos mujer
6W4u8sGEnGM,UgyHIuxG8A2lYDRB6vh4AaABAg,Inician los trabajos de recuperación del Puente Belice II.,Gobierno de la República de Guatemala,UC-ZtFBHzgkYFh7whZkuR_Ag,@carmenfigueroa1232,UC3YpzAr7pcdKC7BVFEpYzog,"Pues como no si a Guatemala desbancaron lo anteriores presidentes han barrido con todo 
Primero Dios puedan terminar este proyecto antes que entre otr@ ladron y después busquen culpables",Gobierno de la República de Guatemala,topic,youtube_guatemala_plus_comments.csv | youtube_lab_targets_small_comments.csv,/@carmenfigueroa1232,hace 6 días (editado),4,1,False,,/@carmenfigueroa1232,4,"Pues como no si a Guatemala desbancaron lo anteriores presidentes han barrido con todo 
Primero Dios puedan terminar este proyecto antes que entre otr@ ladron y después busquen culpables",,,,pues si guatemala desbancar anterior presidente barrido primero dios poder terminar proyecto otr ladron después buscar culpable
6W4u8sGEnGM,UgyHIuxG8A2lYDRB6vh4AaABAg.A_zEyCTHfWFA_zWovudn2B,Inician los trabajos de recuperación del Puente Belice II.,Gobierno de la República de Guatemala,UC-ZtFBHzgkYFh7whZkuR_Ag,@Murmullodelbarrio,UCyJhqmMbsvjpoarBBStA2kg,"Por eso mismo
No permítanos otro partido corrupto de los mismos de antes para salvar todo lo que hoy estamos mirando",Gobierno de la República de Guatemala,topic,youtube_guatemala_plus_comments.csv | youtube_lab_targets_small_comments.csv,/@Murmullodelbarrio,hace 6 días,1,0,False,,/@Murmullodelbarrio,1,"Por eso mismo
No permítanos otro partido corrupto de los mismos de antes para salvar todo lo que hoy estamos mirando",,,,mismo permítanos partido corrupto mismo salvar hoy mirar
j43HgwYFKfk,UgyHcSyWHx2SKCg6db14AaABAg,La cooptación de Walter Mazariegos en la USAC,Quorum,UCE4rsXcgDb6e1-a9iTbWzfg,@estuardoargueta137,UCQqlPPUGqAfWjd-FSh_qn7Q,"Esa universidad se debe privatizar, es la universidad mas cara de Guatemala por estudiante egresado, es una carga tributaria innecesaria.",@quorumgt/videos,channel,quorum_complete_comments.csv | youtube_guatemala_plus_comments.csv,/@estuardoargueta137,hace 1 año, ,0,False,,/@estuardoargueta137,0,"Esa universidad se debe privatizar, es la universidad mas cara de Guatemala por estudiante egresado, es una carga tributaria innecesaria.",,,,universidad debe privatizar universidad mas cara guatemala estudiante egresar carga tributario innecesario
n8iP75gIpmw,UgyIX1zx3bbc9DsK8VR4AaABAg,Qué rico come tu diputado,Quorum,UCE4rsXcgDb6e1-a9iTbWzfg,@cesaraugustomoralesmonroy6907,UC8r11yOugM2NuRfitQOxLLg,"Qué tristeza que extranjeros que vinieron como policías a una institución internacional impuesta por la ""comunidad internacional"" supuestamente para combatir la impunidad, se hayan quedado como ""analistas"" y periodistas en Guatemala, comentando temas nacionales. Es la nueva conquista.",@quorumgt/videos,channel,quorum_complete_comments.csv | youtube_guatemala_plus_comments.csv,/@cesaraugustomoralesmonroy6907,hace 2 años,1,0,False,,/@cesaraugustomoralesmonroy6907,1,"Qué tristeza que extranjeros que vinieron como policías a una institución internacional impuesta por la ""comunidad internacional"" supuestamente para combatir la impunidad, se hayan quedado como ""analistas"" y periodistas en Guatemala, comentando temas nacionales. Es la nueva conquista.",,,,tristeza extranjero venir policía institución internacional imponer comunidad internacional supuestamente combatir impunidad quedar analista periodista guatemala comentar tema nacional nueva conquista
PjmxCj-a9Hg,UgyIfQ-oDt0uVFZIq9d4AaABAg,Conferencia de Prensa del Gobierno de Guatemala. #LaRondaGt,Gobierno de la República de Guatemala,UC-ZtFBHzgkYFh7whZkuR_Ag,@pablobarrios7931,UCusjriFsDHEc2AOjqk-p5ig,"Guate tambien tiene gobierno PROGRE, LOS Y LAS DIPUTADAS,  JAJAJA
CIUDADANOS Y CIUDADANAS JAJAJA
CHIQUILLOS Y CHIQUILLOS JAJAJA
Los gobiernos PROGRES son los que estan llevando  a la ruina auchoa paises,  principalmente en occidente.  
Estos PROGRESS que se pongan a trabajar de manera mas activa por el Pais y no solo bla bla bla.   Se nesesita tomar.accion YA y no bla bla bla.",@GobiernodeGuatemala,topic,PjmxCj-a9Hg_out_comments.csv | youtube_guatemala_plus_comments.csv,/@pablobarrios7931,hace 1 año,2,0,False,,/@pablobarrios7931,2,"Guate tambien tiene gobierno PROGRE, LOS Y LAS DIPUTADAS,  JAJAJA
CIUDADANOS Y CIUDADANAS JAJAJA
CHIQUILLOS Y CHIQUILLOS JAJAJA
Los gobiernos PROGRES son los que estan llevando  a la ruina auchoa paises,  principalmente en occidente.  
Estos PROGRESS que se pongan a trabajar de manera mas activa por el Pais y no solo bla bla bla.   Se nesesita tomar.accion YA y no bla bla bla.",,,,guate tambien gobierno progre diputado jajaja ciudadano ciudadano jajaja chiquillo chiquillo jajaja gobierno progre estar llevar ruina auchoa paises principalmente occidente progress poner trabajar manera mas activar pais solo bla bla bla nesesita tomar accion bla bla bla
ndAZjHqzzT8,UgyIteBIiYe7DjUN3554AaABAg,Internet: escoger el menos malo,Quorum,UCE4rsXcgDb6e1-a9iTbWzfg,@rwdm76,UCVC2QugcI1G4RvlCiUqd1aQ,EXCELENTE,@quorumgt/videos,channel,quorum_complete_comments.csv | youtube_guatemala_plus_comments.csv,/@rwdm76,hace 11 meses, ,0,False,,/@rwdm76,0,EXCELENTE,,,,excelente
lj983NWyAQY,UgyJ7QRY-X3DsJC-t-p4AaABAg,Plan 2032 Ciudad de Guatemala,Municipalidad de Guatemala,UCXa6LVjBzUtmcM3cwbd9e2w,@isaidiaz2388,UC5fvhAfm89JH8eDFdvc0xYw,Guate es Classic 👍💯,Municipalidad de Guatemala,topic,lj983NWyAQY_out_comments.csv | youtube_guatemala_plus_comments.csv,/@isaidiaz2388,hace 5 años, ,0,False,,/@isaidiaz2388,0,Guate es Classic 👍💯,,,👍|💯,guate classic
PjmxCj-a9Hg,UgyJnStLEHxVNbAfd0p4AaABAg,Conferencia de Prensa del Gobierno de Guatemala. #LaRondaGt,Gobierno de la República de Guatemala,UC-ZtFBHzgkYFh7whZkuR_Ag,@mariavail8998,UCAV7QIjYhbDJaycQycM_0eQ,No dejen que nuestros hermanos Guatemalatecos qué esten encerrados en esse lugar pir favor 🙏 Autoridades sun  nuestros prójimos gracias señores 🙏 🙌 👏,@GobiernodeGuatemala,topic,PjmxCj-a9Hg_out_comments.csv | youtube_guatemala_plus_comments.csv,/@mariavail8998,hace 1 año,3,0,False,,/@mariavail8998,3,No dejen que nuestros hermanos Guatemalatecos qué esten encerrados en esse lugar pir favor 🙏 Autoridades sun  nuestros prójimos gracias señores 🙏 🙌 👏,,,🙏|🙏|🙌|👏,dejar hermano guatemalatecos estar encerrar esse lugar pir favor autoridad sun prójimo gracia señor
n8iP75gIpmw,UgyMRj1sNq6Xkrqepst4AaABAg,Qué rico come tu diputado,Quorum,UCE4rsXcgDb6e1-a9iTbWzfg,@EnnioAroche,UC3E9mAgP7VoAE5mZoAexl5g,"Son realmente estos diputados unos aprovechados, mientras los jubilados del igss  ,algunos reciben 300.00 quetzales al mes y no los an apoyado.",@quorumgt/videos,channel,quorum_complete_comments.csv | youtube_guatemala_plus_comments.csv,/@EnnioAroche,hace 1 año, ,0,False,,/@EnnioAroche,0,"Son realmente estos diputados unos aprovechados, mientras los jubilados del igss  ,algunos reciben 300.00 quetzales al mes y no los an apoyado.",,,,realmente diputado aprovechar mientras jubilado igss recibir quetzal mes an apoyar
n8iP75gIpmw,UgyN-BmjI1Qyr5moi-x4AaABAg,Qué rico come tu diputado,Quorum,UCE4rsXcgDb6e1-a9iTbWzfg,@ernestogamboa8737,UCB5p8a5gklc80jJItP6xTHg,"Aunqué contradiga, ellos están acostumbrados a hacer esto, comiendo a costillas del pueblo,",@quorumgt/videos,channel,quorum_complete_comments.csv | youtube_guatemala_plus_comments.csv,/@ernestogamboa8737,hace 2 años,6,0,False,,/@ernestogamboa8737,6,"Aunqué contradiga, ellos están acostumbrados a hacer esto, comiendo a costillas del pueblo,",,,,aunqué contradecir acostumbrar hacer comer costilla pueblo
6W4u8sGEnGM,UgyNuIQ1W1M3g8ut6314AaABAg,Inician los trabajos de recuperación del Puente Belice II.,Gobierno de la República de Guatemala,UC-ZtFBHzgkYFh7whZkuR_Ag,@BorisTebalán,UC1NiEdJ7gk6FlDexIalWnGg,"Las verdad si ya es un hecho si el presidente se merece mucho respeto porque está haciendo en tristes 4 años ese proyecto.
MIENTRAS LOS CORRUPTOS HDP SOLO SE HAN HUEVIADO LAS MILLONADAS DE DINERO EN MAS DE 60 AÑOS NO HICIERON
 NI PURA MIERDA. 😡
Pero la gente burra aun así pienso que vamos a regresar con los corruptos hdpm a ser gobernados. 
ESPERO EQUIVOCARME",Gobierno de la República de Guatemala,topic,youtube_guatemala_plus_comments.csv | youtube_lab_targets_small_comments.csv,/@BorisTebal%C3%A1n,hace 5 días, ,0,False,,/@BorisTebalán,0,"Las verdad si ya es un hecho si el presidente se merece mucho respeto porque está haciendo en tristes 4 años ese proyecto.
MIENTRAS LOS CORRUPTOS HDP SOLO SE HAN HUEVIADO LAS MILLONADAS DE DINERO EN MAS DE 60 AÑOS NO HICIERON
 NI PURA MIERDA. 😡
Pero la gente burra aun así pienso que vamos a regresar con los corruptos hdpm a ser gobernados. 
ESPERO EQUIVOCARME",,,😡,verdad si hecho si presidente merecer respeto hacendar triste año proyecto mientras corrupto hdp solo hueviado millonada dinero mas año hacer puro mierda gente burro aún así pienso ir regresar corrupto hdpm ser gobernar esperar equivocarme
yLZS3JiEBg8,UgyOyo4VyMiMOhqOkGd4AaABAg,Arroz con pollo a la MONOPOLIO,Quorum,UCE4rsXcgDb6e1-a9iTbWzfg,@miguelbran1268,UCdQAuWwyC99MB7Y02Umj26Q,"Y todo se resume en la letra pequeña, suena bonito pero no es así de fácil, vos crees realmente que Dionisio va a estar de acuerdo con dejar que otros vendan pollo y huevos, lo siento mucho pero tenes que detallar más en la letra pequeña.
Dionisio nunca va a dejar que eso pase, y si el está de acuerdo entonces perdemos los consumidores. El león no es como lo pintan.",@quorumgt/videos,channel,quorum_complete_comments.csv | youtube_guatemala_plus_comments.csv,/@miguelbran1268,hace 2 años, ,0,False,,/@miguelbran1268,0,"Y todo se resume en la letra pequeña, suena bonito pero no es así de fácil, vos crees realmente que Dionisio va a estar de acuerdo con dejar que otros vendan pollo y huevos, lo siento mucho pero tenes que detallar más en la letra pequeña.
Dionisio nunca va a dejar que eso pase, y si el está de acuerdo entonces perdemos los consumidores. El león no es como lo pintan.",,,,resumir letra pequeño sonar bonito así fácil vos creer realmente dionisio ir acuerdo dejar vendar pollo huevo sentar tener detallar letra pequeño dionisio nunca ir dejar pase si acuerdo entonces perder consumidor león pintar
TT4qJ5FXHYE,UgyPm-2rnRLPav43Bt14AaABAg,"I’x K’at: el primer equipo guatemalteco de pelota maya, conformado únicamente por mujeres.",Quorum,UCE4rsXcgDb6e1-a9iTbWzfg,@taniagabrielacelis8434,UCtowGNY2lnlg6O2CkwDgkLg,"¡Aplaudo y celebro su iniciativa! Desde Puebla, me enorgullece conocer un grupo femenino de Ulama 😊❤️.",@quorumgt/videos,channel,quorum_complete_comments.csv | youtube_guatemala_plus_comments.csv,/@taniagabrielacelis8434,hace 3 años,2,0,False,,/@taniagabrielacelis8434,2,"¡Aplaudo y celebro su iniciativa! Desde Puebla, me enorgullece conocer un grupo femenino de Ulama 😊❤️.",,,😊|❤,aplaudir celebrar iniciativa poblar enorgullecer conocer grupo femenino ulama
OkXlHx0hx-8,UgyQQbXS_Q_JYcSefap4AaABAg,EE.UU. envía a mexicanos deportados a Guatemala antes de su regreso a México | Noticias Telemundo,Noticias Telemundo,UCRwA1NUcUnwsly35ikGhp0A,@MarioCortez-o6v,UCp_dAUfv8i3LW3zWc24dLaQ,Regresaron sin nada 😂😂,guatemala noticias,topic,youtube_guatemala_comments.csv | youtube_guatemala_plus_comments.csv,/@MarioCortez-o6v,hace 1 día,1,0,False,,/@MarioCortez-o6v,1,Regresaron sin nada 😂😂,,,😂|😂,regresar
UhL9y3KUl8E,UgyQxncw9dtHgZFgp014AaABAg,SHAI WA: la vecina queer de Casa Presidencial,Quorum,UCE4rsXcgDb6e1-a9iTbWzfg,@aditalissethevasquezrojas8039,UC_NRVt2UP88ZNTwzrZ66JSg,"Gracias por este video, que importante conocer este tipo de espacios.",@quorumgt/videos,channel,quorum_complete_comments.csv | youtube_guatemala_plus_comments.csv,/@aditalissethevasquezrojas8039,hace 3 años,2,0,False,,/@aditalissethevasquezrojas8039,2,"Gracias por este video, que importante conocer este tipo de espacios.",,,,gracia video importante conocer tipo espacio
j43HgwYFKfk,UgyRmKHMG-ygpot6nY14AaABAg,La cooptación de Walter Mazariegos en la USAC,Quorum,UCE4rsXcgDb6e1-a9iTbWzfg,@Jel.Awesh.M,UCylqlpsh8ENNM1LqgQ1KbxA,"Triste la realidad de la USAC, y buen video, ojalá saque más frecuentemente.",@quorumgt,topic,j43HgwYFKfk_out_comments.csv | quorum_complete_comments.csv | youtube_guatemala_plus_comments.csv,/@Jel.Awesh.M,hace 1 año,1,0,False,,/@Jel.Awesh.M,1,"Triste la realidad de la USAC, y buen video, ojalá saque más frecuentemente.",,,,triste realidad usac bueno video ojalá saque frecuentemente
j43HgwYFKfk,UgyS31-ujtXB5VmjBRV4AaABAg,La cooptación de Walter Mazariegos en la USAC,Quorum,UCE4rsXcgDb6e1-a9iTbWzfg,@ligiaguerra3057,UCRvPToDkkumha7WJAfCDk1A,Que asco,@quorumgt/videos,channel,quorum_complete_comments.csv | youtube_guatemala_plus_comments.csv,/@ligiaguerra3057,hace 1 año, ,0,False,,/@ligiaguerra3057,0,Que asco,,,,asco
PjmxCj-a9Hg,UgySlQlmZmrLAq5JsLx4AaABAg,Conferencia de Prensa del Gobierno de Guatemala. #LaRondaGt,Gobierno de la República de Guatemala,UC-ZtFBHzgkYFh7whZkuR_Ag,@kevinochoa3695,UCPZueDLrCS4BmTBRMA4q0fA,"Bienvenido el tren maya 🎉 como hay ineptos que se oponen a esta gran colaboración estamos hablando de desarrollo para nuestra frontera, desarrollo para el país en general acaso no saben cuantos turistas genera al año? imagínense de aquí a 10 años ya con el tren maya y todo nuestro país conectado logísticamente con trenes",@GobiernodeGuatemala,topic,PjmxCj-a9Hg_out_comments.csv | youtube_guatemala_plus_comments.csv,/@kevinochoa3695,hace 1 año,1,1,False,,/@kevinochoa3695,1,"Bienvenido el tren maya 🎉 como hay ineptos que se oponen a esta gran colaboración estamos hablando de desarrollo para nuestra frontera, desarrollo para el país en general acaso no saben cuantos turistas genera al año? imagínense de aquí a 10 años ya con el tren maya y todo nuestro país conectado logísticamente con trenes",,,🎉,bienvenido tren maya inepto oponer gran colaboración hablar desarrollo frontera desarrollo país general acaso saber cuanto turista generar año imagínense aquí año tren maya país conectar logísticamente trenar
PjmxCj-a9Hg,UgySlQlmZmrLAq5JsLx4AaABAg.ALh5XYlqNufALhOuUP3UYB,Conferencia de Prensa del Gobierno de Guatemala. #LaRondaGt,Gobierno de la República de Guatemala,UC-ZtFBHzgkYFh7whZkuR_Ag,@Burgos68,UC7IMsCxfZyWN7YQo8-JYa6Q,"Me agrado lo que usted a dicho, es cierto hay muchas personas que no piensan en el desarrollo mutuo y en el lugar de hacer comentarios de felicitaciones al Gobierno por éste desarrollo solidario,  se ponen hablar estupideces.",@GobiernodeGuatemala,topic,PjmxCj-a9Hg_out_comments.csv | youtube_guatemala_plus_comments.csv,/@Burgos68,hace 1 año, ,0,False,,/@Burgos68,0,"Me agrado lo que usted a dicho, es cierto hay muchas personas que no piensan en el desarrollo mutuo y en el lugar de hacer comentarios de felicitaciones al Gobierno por éste desarrollo solidario,  se ponen hablar estupideces.",,,,agrado usted dicho cierto mucho persona pensar desarrollo mutuo lugar hacer comentario felicitación gobierno este desarrollo solidario poner hablar estupidez
lj983NWyAQY,UgySttznhywvGXZyF-N4AaABAg,Plan 2032 Ciudad de Guatemala,Municipalidad de Guatemala,UCXa6LVjBzUtmcM3cwbd9e2w,@crislexrubi4387,UCHMQ_lDhibZ-XZ_3fo6oxwg,Muy bello Guatemala. Saludos desde Honduras,Municipalidad de Guatemala,topic,lj983NWyAQY_out_comments.csv | youtube_guatemala_plus_comments.csv,/@crislexrubi4387,hace 7 años,16,0,False,,/@crislexrubi4387,16,Muy bello Guatemala. Saludos desde Honduras,,,,bello guatemala saludo hondura
n8iP75gIpmw,UgyVLVHQ4zNBKTTDxtp4AaABAg,Qué rico come tu diputado,Quorum,UCE4rsXcgDb6e1-a9iTbWzfg,@inge_vergueta,UCpsKOkt5iWTbenzeuq7dsmQ,Que se podía esperar de ese diputado que estuvo con Manuel Baldizon es otro delincuente. La gente tiene que aprender a votar por el congreso también porque solo meten lacras en el congreso 😷😷,@quorumgt/videos,channel,quorum_complete_comments.csv | youtube_guatemala_plus_comments.csv,/@inge_vergueta,hace 2 años,1,0,False,,/@inge_vergueta,1,Que se podía esperar de ese diputado que estuvo con Manuel Baldizon es otro delincuente. La gente tiene que aprender a votar por el congreso también porque solo meten lacras en el congreso 😷😷,,,😷|😷,poder esperar diputado manuel baldizon delincuente gente aprender votar congreso solo meter lacra congreso
j43HgwYFKfk,UgyWzgDknElvfn9oFJZ4AaABAg,La cooptación de Walter Mazariegos en la USAC,Quorum,UCE4rsXcgDb6e1-a9iTbWzfg,@lesolorzano,UC7dadZG7kkGYnsNu6td0FbA,Nubes negras sobre el CSU. Empieza a oler a democracia.,@quorumgt,topic,j43HgwYFKfk_out_comments.csv | quorum_complete_comments.csv | youtube_guatemala_plus_comments.csv,/@lesolorzano,hace 1 año,18,0,False,,/@lesolorzano,18,Nubes negras sobre el CSU. Empieza a oler a democracia.,,,,nube negro csu empezar oler democracia
n8iP75gIpmw,UgyX06qZFc3cNK6223J4AaABAg,Qué rico come tu diputado,Quorum,UCE4rsXcgDb6e1-a9iTbWzfg,@josecarrera9623,UCrJn_rbo_ENAdeqneS-RmRw,"q mira el presidente Ramos
seguir .anteniendo esos.mantenidos y mucha jente con ambre q yeben su almuerzo d su casa esos simverguenzas y no asen nada bueno por guatemala solo cobrar el finde.mes y comor",@quorumgt/videos,channel,quorum_complete_comments.csv | youtube_guatemala_plus_comments.csv,/@josecarrera9623,hace 2 años, ,0,False,,/@josecarrera9623,0,"q mira el presidente Ramos
seguir .anteniendo esos.mantenidos y mucha jente con ambre q yeben su almuerzo d su casa esos simverguenzas y no asen nada bueno por guatemala solo cobrar el finde.mes y comor",,,,mira presidente ramo seguir anteniendo mantener mucho jente ambre yeben almuerzo casa simverguenzas asar bueno guatemala solo cobrar finde mes comor
is3Mk5oC19g,UgyXTA5oFwzI70TKCUd4AaABAg,Capturan a ladrón que había quedado grabado mientras robaba en una parroquia de Retalhuleu,TN23 Guatemala,UCt5Dw7ePnn0AqPqRF8Xpjkw,@denilsonlopez4083,UCFFrEmn6lPYiWyElpfzTy5Q,El humano la misma 💩💩💩,guatemala noticias,topic,youtube_guatemala_comments.csv | youtube_guatemala_plus_comments.csv,/@denilsonlopez4083,hace 21 horas, ,0,False,,/@denilsonlopez4083,0,El humano la misma 💩💩💩,,,💩|💩|💩,humano mismo
TT4qJ5FXHYE,UgyYPJkzW5rbOUI_vcd4AaABAg,"I’x K’at: el primer equipo guatemalteco de pelota maya, conformado únicamente por mujeres.",Quorum,UCE4rsXcgDb6e1-a9iTbWzfg,@Santiago.Nolasco,UCNiMNUJvaRJb0_QLClqwVnA,Excelente iniciativa,@quorumgt/videos,channel,quorum_complete_comments.csv | youtube_guatemala_plus_comments.csv,/@Santiago.Nolasco,hace 3 años,2,0,False,,/@Santiago.Nolasco,2,Excelente iniciativa,,,,excelente iniciativa
lj983NWyAQY,UgyYRHeJlfB9VF69LSp4AaABAg,Plan 2032 Ciudad de Guatemala,Municipalidad de Guatemala,UCXa6LVjBzUtmcM3cwbd9e2w,@alexandrevasquez4135,UCs_5qeqdku9tGAq22y3OcuQ,Me da mucha emoción q la ciudad de guatemala va prosperando algún día vamos hacer una de las ciudades mas famosas del mundo con alta tecnologia q china me gusta mucho este proyecto y ojalay q se cumpla..,Municipalidad de Guatemala,topic,lj983NWyAQY_out_comments.csv | youtube_guatemala_plus_comments.csv,/@alexandrevasquez4135,hace 7 años,4,0,False,,/@alexandrevasquez4135,4,Me da mucha emoción q la ciudad de guatemala va prosperando algún día vamos hacer una de las ciudades mas famosas del mundo con alta tecnologia q china me gusta mucho este proyecto y ojalay q se cumpla..,,,,dar mucho emoción ciudad guatemala ir prosperar alguno día ir hacer ciudad mas famoso mundo alta tecnologia chino gustar proyecto ojalay cumplir
j43HgwYFKfk,UgyYaWYhDStGYWDGkb94AaABAg,La cooptación de Walter Mazariegos en la USAC,Quorum,UCE4rsXcgDb6e1-a9iTbWzfg,@lidiarodriguez3493,UCCBYcToQ2dwkd6TJh0FSyDg,"Importante información la. Usac de ser oposición se volvió servil, se va recuperar 👍",@quorumgt/videos,channel,quorum_complete_comments.csv | youtube_guatemala_plus_comments.csv,/@lidiarodriguez3493,hace 1 año, ,0,False,,/@lidiarodriguez3493,0,"Importante información la. Usac de ser oposición se volvió servil, se va recuperar 👍",,,👍,importante información usac ser oposición volver servil ir recuperar
yLZS3JiEBg8,UgyYh5BUgByoCy2qNBR4AaABAg,Arroz con pollo a la MONOPOLIO,Quorum,UCE4rsXcgDb6e1-a9iTbWzfg,@angelmartinez9523,UCxcoDvP-g2_KTZDmVZtvb3w,"En resumen son periodistas patéticos y poco profesionales. Si van a dar información, no la den a medias. 
1. Existe inflación, la cual fue más alta que los datos que están proporcionado, esto afecta a las empresas o el propósito es que ahora las empresas subsidien lo que venden? 
2. Los precios internacionales aplican cuando una empresa o persona oferta o compra en bolsas de valores. Existen diferentes calidades. 
3. Existen aranceles que pagan las importaciones al menos que vayan a ser procesados y exportados (ej. beneficio 2989), el DAI en la mayoría de casos es de 10%  más IVA de 12%, más ISR y otros. Esto va desde carros a cebolla a frijoles y arroz. 
No se quejan de todos los carros importados pero aún así las agencias venden más y está en manos de pocos grupos. 
4. Los margenes netos de las industrias mencionadas a disminuido. Expliquen porque.
5. Estas empresas siguen porque han conseguido la manera de hacerlo rentable, pero cualquiera puede producir, vender, importar o exportar. La diferencia es que no saben cómo hacerlo y no tienen el dinero (la verdadera barrera de entrada). 
6. El ingenio que hablan no está en otro país por las condiciones que mencionan, lo cual desacredita que todo lo que digan sea cierto.",@quorumgt/videos,channel,quorum_complete_comments.csv | youtube_guatemala_plus_comments.csv,/@angelmartinez9523,hace 2 años, ,0,False,,/@angelmartinez9523,0,"En resumen son periodistas patéticos y poco profesionales. Si van a dar información, no la den a medias. 
1. Existe inflación, la cual fue más alta que los datos que están proporcionado, esto afecta a las empresas o el propósito es que ahora las empresas subsidien lo que venden? 
2. Los precios internacionales aplican cuando una empresa o persona oferta o compra en bolsas de valores. Existen diferentes calidades. 
3. Existen aranceles que pagan las importaciones al menos que vayan a ser procesados y exportados (ej. beneficio 2989), el DAI en la mayoría de casos es de 10%  más IVA de 12%, más ISR y otros. Esto va desde carros a cebolla a frijoles y arroz. 
No se quejan de todos los carros importados pero aún así las agencias venden más y está en manos de pocos grupos. 
4. Los margenes netos de las industrias mencionadas a disminuido. Expliquen porque.
5. Estas empresas siguen porque han conseguido la manera de hacerlo rentable, pero cualquiera puede producir, vender, importar o exportar. La diferencia es que no saben cómo hacerlo y no tienen el dinero (la verdadera barrera de entrada). 
6. El ingenio que hablan no está en otro país por las condiciones que mencionan, lo cual desacredita que todo lo que digan sea cierto.",,,,resumen periodista patético profesional si ir dar información dar media existir inflación alta dato proporcionar afectar empresa propósito ahora empresa subsidiar vender precio internacional aplicar empresa persona oferta compra bolsa valorar existir diferente calidad existir arancel pagar importación menos ir ser procesado exportar ej beneficio dai mayoría caso iva isr ir carro cebolla fríjol arroz quejar carro importar aún así agencia vender mano poco grupo margenes neto industria mencionar disminuir explicar empresa seguir conseguir manera hacerlo rentable cualquiera poder producir vender importar exportar diferencia saber cómo hacerlo dinero verdadero barrera entrada ingenio hablar país condicionar mencionar desacreditar decir cierto
j43HgwYFKfk,UgyZ2zEvW_CClk8k15F4AaABAg,La cooptación de Walter Mazariegos en la USAC,Quorum,UCE4rsXcgDb6e1-a9iTbWzfg,@dinoraoroxon5771,UCW-JC6lebVmf2P1dmY_L94g,"Felicitaciones,muy buena información sobre  ese caso ni los medios informan la veracidad de todo esto,en verdad felicitaciones ojala todos los universitarios fieran como usted,sigan peleando sus derechos",@quorumgt,topic,j43HgwYFKfk_out_comments.csv | quorum_complete_comments.csv | youtube_guatemala_plus_comments.csv,/@dinoraoroxon5771,hace 4 meses, ,0,False,,/@dinoraoroxon5771,0,"Felicitaciones,muy buena información sobre  ese caso ni los medios informan la veracidad de todo esto,en verdad felicitaciones ojala todos los universitarios fieran como usted,sigan peleando sus derechos",,,,felicitación bueno información caso medio informar veracidad verdad felicitación ojalar universitario fieran usted seguir pelear derecho
j43HgwYFKfk,Ugy_6i8lJAd2eVIRNjx4AaABAg,La cooptación de Walter Mazariegos en la USAC,Quorum,UCE4rsXcgDb6e1-a9iTbWzfg,@NataliaRodriguez-rx5mr,UCgJNFj5dnxXpcMvmuhZDPxA,Excelente vídeo!,@quorumgt,topic,j43HgwYFKfk_out_comments.csv | quorum_complete_comments.csv | youtube_guatemala_plus_comments.csv,/@NataliaRodriguez-rx5mr,hace 1 año,1,0,False,,/@NataliaRodriguez-rx5mr,1,Excelente vídeo!,,,,excelente vídeo
n8iP75gIpmw,Ugy__nsWCBggw9EzOUd4AaABAg,Qué rico come tu diputado,Quorum,UCE4rsXcgDb6e1-a9iTbWzfg,@eddymunoz9789,UCFoIAE8k82D6AV-8gjjKaNg,"Lo que sucede señor diputado es que por trabajar en favor de la población es su trabajo y se le paga por eso, no le podemos quemar cuetes por cada dis que logro, asi que si es justo que los Respetables Periodistas investiguen las anomalías, no quiera darle vuelta a la tortilla😅😅😅😅 pues usted lobdice de forma tan fantaciosa como si a usted se le debiera celebrar el que trabaja!",@quorumgt/videos,channel,quorum_complete_comments.csv | youtube_guatemala_plus_comments.csv,/@eddymunoz9789,hace 2 años,1,1,False,,/@eddymunoz9789,1,"Lo que sucede señor diputado es que por trabajar en favor de la población es su trabajo y se le paga por eso, no le podemos quemar cuetes por cada dis que logro, asi que si es justo que los Respetables Periodistas investiguen las anomalías, no quiera darle vuelta a la tortilla😅😅😅😅 pues usted lobdice de forma tan fantaciosa como si a usted se le debiera celebrar el que trabaja!",,,😅|😅|😅|😅,suceder señor diputado trabajar favor población trabajo paga poder quemar cuetes cada dis logro asi si justo respetable periodista investigar anomalía querer darle vuelta tortilla pues usted lobdice forma tan fantaciosa si usted deber celebrar trabajar
n8iP75gIpmw,Ugy__nsWCBggw9EzOUd4AaABAg.A7lbRpGUZoHA7nJxaD37u-,Qué rico come tu diputado,Quorum,UCE4rsXcgDb6e1-a9iTbWzfg,@HaroldoCastillo-rh9iw,UCFjudnPLoaSL1BaRuLahyHg,Cierto.,@quorumgt/videos,channel,quorum_complete_comments.csv | youtube_guatemala_plus_comments.csv,/@HaroldoCastillo-rh9iw,hace 2 años,1,0,False,,/@HaroldoCastillo-rh9iw,1,Cierto.,,,,cierto
j43HgwYFKfk,Ugy_ejYOfCK6ERWL_dt4AaABAg,La cooptación de Walter Mazariegos en la USAC,Quorum,UCE4rsXcgDb6e1-a9iTbWzfg,@FernandoGarcia-jg1fj,UCe8JZoYkX5oKUZyivHYdXhw,"Entiendo lo grave de mi alma mater, ahora decir puchica, simon ya vas no hace más cercano el mensaje aleja la gravedad de este, esta hablando con universitarios no con sus cuates, los del barrio o perdón  la mara, por esa eterna adolescencia es que nadie lo trata con seriedad",@quorumgt,topic,j43HgwYFKfk_out_comments.csv | quorum_complete_comments.csv | youtube_guatemala_plus_comments.csv,/@FernandoGarcia-jg1fj,hace 2 meses, ,0,False,,/@FernandoGarcia-jg1fj,0,"Entiendo lo grave de mi alma mater, ahora decir puchica, simon ya vas no hace más cercano el mensaje aleja la gravedad de este, esta hablando con universitarios no con sus cuates, los del barrio o perdón  la mara, por esa eterna adolescencia es que nadie lo trata con seriedad",,,,entender grave alma mater ahora decir puchica simon vas hacer cercano mensaje alejar gravedad hablar universitario cuate barrio perdón mara eterno adolescencia nadie trata seriedad
ndAZjHqzzT8,Ugy_hCCLd8GwWbnIbsd4AaABAg,Internet: escoger el menos malo,Quorum,UCE4rsXcgDb6e1-a9iTbWzfg,@cmorera21,UCnU8wO1OurAmGstDw6VGjgQ,"Excelente video, gracias por contarnos cómo son este par de empresas cuando están solitas en un pais. Y pensar que aquí en Costa Rica nos quejamos por mucho menos. Le cuento como es aquí:
Yo soy cliente de Claro en el celular y la verdad, aunque la cobertura ha mejorado mucho, aún le falta. Eso si, la velocidad de internet y claridad al llamar son excelentes y las facturas muy claras.
Tengo Tigo residencial y no me puedo quejar, la velocidad es estable y falla muy poco dónde vivo. Y eso que no vivo para nada en la capital ni una cabecera de provincia, como les decimos aquí. A veces ha pasado que hasta hay huracanes y el internet como si nada. Aquí la ley indica que un cliente de servicio celular puede cambiarse hasta 5 veces de operador/plan por año y seguir con su número, el cuál es un derecho del cliente y cuyo dueño legal es la Sutel, la superintendencia de aquí.
El 3er competidor es el estatal ICE que también tiene aún buena cuota de mercado.
Hay muchas cableras regionales aparte de las 4 grandes nacionales (Tigo, Liberty (antes Movistar), Telecable y Kolbi que es del ICE).
Claro como proveedor de tv satelital está por todo el país, pero en fibra óptica apenas en algunos distritos de San José, la capital del país. El problema para los que tenemos Tigo (único proveedor en mi barrio) es que no hay servicio de fibra, solo cobre aún, y eso que hasta el ICE ya está reemplazado sus viejas líneas de par de cobre por fibra en todo el país.
En fin, solo quería contarle cómo funciona en otro país del área.",@quorumgt/videos,channel,quorum_complete_comments.csv | youtube_guatemala_plus_comments.csv,/@cmorera21,hace 2 años, ,0,False,,/@cmorera21,0,"Excelente video, gracias por contarnos cómo son este par de empresas cuando están solitas en un pais. Y pensar que aquí en Costa Rica nos quejamos por mucho menos. Le cuento como es aquí:
Yo soy cliente de Claro en el celular y la verdad, aunque la cobertura ha mejorado mucho, aún le falta. Eso si, la velocidad de internet y claridad al llamar son excelentes y las facturas muy claras.
Tengo Tigo residencial y no me puedo quejar, la velocidad es estable y falla muy poco dónde vivo. Y eso que no vivo para nada en la capital ni una cabecera de provincia, como les decimos aquí. A veces ha pasado que hasta hay huracanes y el internet como si nada. Aquí la ley indica que un cliente de servicio celular puede cambiarse hasta 5 veces de operador/plan por año y seguir con su número, el cuál es un derecho del cliente y cuyo dueño legal es la Sutel, la superintendencia de aquí.
El 3er competidor es el estatal ICE que también tiene aún buena cuota de mercado.
Hay muchas cableras regionales aparte de las 4 grandes nacionales (Tigo, Liberty (antes Movistar), Telecable y Kolbi que es del ICE).
Claro como proveedor de tv satelital está por todo el país, pero en fibra óptica apenas en algunos distritos de San José, la capital del país. El problema para los que tenemos Tigo (único proveedor en mi barrio) es que no hay servicio de fibra, solo cobre aún, y eso que hasta el ICE ya está reemplazado sus viejas líneas de par de cobre por fibra en todo el país.
En fin, solo quería contarle cómo funciona en otro país del área.",,,,excelente video gracia contarnos cómo par empresa solitas pais pensar aquí costa rico quejar menos cuento aquí cliente claro celular verdad aunque cobertura mejorar aún falta si velocidad internet claridad llamar excelente factura clara tigo residencial poder quejar velocidad estable falla dónde vivo vivo capital cabecera provincia decir aquí vez pasado huracán internet si aquí ley indicar cliente servicio celular poder cambiarse vez operador plan año seguir número cuál derecho cliente cuyo dueño legal sutel superintendencia aquí 3er competidor estatal izar aún bueno cuota mercado mucho cablero regional aparte grande nacional tigo liberty movistar telecable kolbi izar claro proveedor tv satelital país fibra óptica apenas distrito san josé capital país problema tigo único proveedor barrio servicio fibra solo cobre aún izar reemplazar viejo línea par cobre fibra país fin solo querer contarle cómo funcionar país área
PjmxCj-a9Hg,Ugyav8Au2cT8yVfYgp54AaABAg,Conferencia de Prensa del Gobierno de Guatemala. #LaRondaGt,Gobierno de la República de Guatemala,UC-ZtFBHzgkYFh7whZkuR_Ag,@CarlosCortez-v5r,UCf5lnNZF7Qrtli9v4N_23WQ,Platiquen de petróleo  y del hospital de rabinal que paso,@GobiernodeGuatemala,topic,PjmxCj-a9Hg_out_comments.csv | youtube_guatemala_plus_comments.csv,/@CarlosCortez-v5r,hace 1 año, ,0,False,,/@CarlosCortez-v5r,0,Platiquen de petróleo  y del hospital de rabinal que paso,,,,platicar petróleo hospital rabinal paso
j43HgwYFKfk,Ugyb2uIeZGcNljNqap94AaABAg,La cooptación de Walter Mazariegos en la USAC,Quorum,UCE4rsXcgDb6e1-a9iTbWzfg,@rogeraldana4289,UCW80DaMjQlEUibC98Cot-Dg,"Que pena que estos pusilánimes muertos de hambre de poder estén llevando a la Universidad a denigrar la democracia en Guatemala empezando con sus elecciones fraudulentas. 
Pero si bien es cierto todo lo mal habido se acaba.",@quorumgt/videos,channel,quorum_complete_comments.csv | youtube_guatemala_plus_comments.csv,/@rogeraldana4289,hace 1 año, ,0,False,,/@rogeraldana4289,0,"Que pena que estos pusilánimes muertos de hambre de poder estén llevando a la Universidad a denigrar la democracia en Guatemala empezando con sus elecciones fraudulentas. 
Pero si bien es cierto todo lo mal habido se acaba.",,,,pena pusilánime muerto hambre poder llevar universidad denigrar democracia guatemala empezar elección fraudulento si bien cierto mal acabar
n8iP75gIpmw,UgycKHbiLBi0WcSs8sh4AaABAg,Qué rico come tu diputado,Quorum,UCE4rsXcgDb6e1-a9iTbWzfg,@raquelprado3643,UCL13XhnRzbGokEkCkEOb0-g,Nunca trabajan para el pueblo si no para si mismos,@quorumgt/videos,channel,quorum_complete_comments.csv | youtube_guatemala_plus_comments.csv,/@raquelprado3643,hace 2 años,7,0,False,,/@raquelprado3643,7,Nunca trabajan para el pueblo si no para si mismos,,,,nunca trabajar pueblo si si mismo
j43HgwYFKfk,UgyciTatiqHr2BpFTqJ4AaABAg,La cooptación de Walter Mazariegos en la USAC,Quorum,UCE4rsXcgDb6e1-a9iTbWzfg,@laboratorio5528,UCDrmf9y9nLgFY5wnA2hTuGA,Excelente vídeo!! Sería bueno extender este video y mencionar los nombres y facultades a los representantes que ya estan ilegalmente en su cargo,@quorumgt,topic,j43HgwYFKfk_out_comments.csv | quorum_complete_comments.csv | youtube_guatemala_plus_comments.csv,/@laboratorio5528,hace 1 año (editado),1,0,False,,/@laboratorio5528,1,Excelente vídeo!! Sería bueno extender este video y mencionar los nombres y facultades a los representantes que ya estan ilegalmente en su cargo,,,,excelente vídeo bueno extender video mencionar nombre facultad representante estar ilegalmente cargo
n8iP75gIpmw,UgydkbyzemdvsBJrYxt4AaABAg,Qué rico come tu diputado,Quorum,UCE4rsXcgDb6e1-a9iTbWzfg,@JuanChang-r6k,UCTD6q1nyIe3Y7HhqjaMj72w,"Entonces, no se postulen para diputados si dicen que no alcanza el dinero",@quorumgt/videos,channel,quorum_complete_comments.csv | youtube_guatemala_plus_comments.csv,/@JuanChang-r6k,hace 2 años,8,0,False,,/@JuanChang-r6k,8,"Entonces, no se postulen para diputados si dicen que no alcanza el dinero",,,,entonces postular diputado si decir alcanzar dinero
lj983NWyAQY,UgyeTw07aydjDqK4crN4AaABAg,Plan 2032 Ciudad de Guatemala,Municipalidad de Guatemala,UCXa6LVjBzUtmcM3cwbd9e2w,@jhonymanuel9891,UC0aEyakBPqcBkVJiErfSupQ,Wow una ciudad de futuro,Municipalidad de Guatemala,topic,lj983NWyAQY_out_comments.csv | youtube_guatemala_plus_comments.csv,/@jhonymanuel9891,hace 7 años,70,0,False,,/@jhonymanuel9891,70,Wow una ciudad de futuro,,,,wow ciudad futuro
n8iP75gIpmw,Ugyeb8_nptWKXnFXH8F4AaABAg,Qué rico come tu diputado,Quorum,UCE4rsXcgDb6e1-a9iTbWzfg,@byronpontaza,UChs3tU2BcKOT0CezykvAsGw,"Porque este programa no habla de la corrupción, de los negocios de Miguelito y Giamatei, o será que ellos les pagan",@quorumgt/videos,channel,quorum_complete_comments.csv | youtube_guatemala_plus_comments.csv,/@byronpontaza,hace 2 años,1,0,False,,/@byronpontaza,1,"Porque este programa no habla de la corrupción, de los negocios de Miguelito y Giamatei, o será que ellos les pagan",,,,programa habla corrupción negocio miguelito giamatei pagar
n8iP75gIpmw,Ugyejets0FNr0Zh-VuZ4AaABAg,Qué rico come tu diputado,Quorum,UCE4rsXcgDb6e1-a9iTbWzfg,@edvinparedesherrera7632,UC650pRT-OYzny3GwOH8Cgfw,Que indignante saber como se artan estos coches y finalmente el pueblo esta ciendo dañado,@quorumgt/videos,channel,quorum_complete_comments.csv | youtube_guatemala_plus_comments.csv,/@edvinparedesherrera7632,hace 2 años,1,0,False,,/@edvinparedesherrera7632,1,Que indignante saber como se artan estos coches y finalmente el pueblo esta ciendo dañado,,,,indignante saber artan coche finalmente pueblo ciendo dañar
n8iP75gIpmw,UgyfMf4MkQsDKavjbLV4AaABAg,Qué rico come tu diputado,Quorum,UCE4rsXcgDb6e1-a9iTbWzfg,@ErvinLeonardoCarreraLatín,UC9vMq1YF-e7C-VO0SHkbUTA,P..... Como no es su dinero  les vale v....,@quorumgt/videos,channel,quorum_complete_comments.csv | youtube_guatemala_plus_comments.csv,/@ErvinLeonardoCarreraLat%C3%ADn,hace 2 años, ,0,False,,/@ErvinLeonardoCarreraLatín,0,P..... Como no es su dinero  les vale v....,,,,dinero vale
j43HgwYFKfk,UgyhYgz2ilvm1-T5IW94AaABAg,La cooptación de Walter Mazariegos en la USAC,Quorum,UCE4rsXcgDb6e1-a9iTbWzfg,@OmarMartinez-vv8re,UCWoAVGVqCn4xtINCMOTM4jg,"Esto es lo que los poderosos quieren esconder, sacan noticias a medias que confunden, si no acatan una orden para reinstalar a uno de sus miembros, que podemos esperar??? Entonces?? La ley es para unos y no para todos??...La San  Carlos ya no le pertenece ni representan al pueblo, "" Las ratas hacen fiesta en casa del gato""..😢",@quorumgt/videos,channel,quorum_complete_comments.csv | youtube_guatemala_plus_comments.csv,/@OmarMartinez-vv8re,hace 1 año (editado), ,0,False,,/@OmarMartinez-vv8re,0,"Esto es lo que los poderosos quieren esconder, sacan noticias a medias que confunden, si no acatan una orden para reinstalar a uno de sus miembros, que podemos esperar??? Entonces?? La ley es para unos y no para todos??...La San  Carlos ya no le pertenece ni representan al pueblo, "" Las ratas hacen fiesta en casa del gato""..😢",,,😢,poderoso querer esconder sacar noticia media confundir si acatar orden reinstalar miembro poder esperar entonces ley san carlos pertenecer representar pueblo rata hacer fiesta casa gato
n8iP75gIpmw,UgyiGiWPuiTR2hkzmVd4AaABAg,Qué rico come tu diputado,Quorum,UCE4rsXcgDb6e1-a9iTbWzfg,@hectoroliva949,UCDPWkUX3sNNaCx-m1dV4glA,Solo giamagyey penso en grandes proyectos la coaptacion total del estado y el gran proyecto de corrupcion,@quorumgt/videos,channel,quorum_complete_comments.csv | youtube_guatemala_plus_comments.csv,/@hectoroliva949,hace 1 año, ,0,False,,/@hectoroliva949,0,Solo giamagyey penso en grandes proyectos la coaptacion total del estado y el gran proyecto de corrupcion,,,,solo giamagyey pensar grande proyecto coaptacion total gran proyecto corrupcion
j43HgwYFKfk,UgyiegHTZAVz8J4Ogvt4AaABAg,La cooptación de Walter Mazariegos en la USAC,Quorum,UCE4rsXcgDb6e1-a9iTbWzfg,@sergiohinestroza9709,UCsGoJEvb-cFPZ2rWoJcXzEQ,La felicito señorita; al rin hubo una valiente. Dios con usted  !!!,@quorumgt,topic,j43HgwYFKfk_out_comments.csv | quorum_complete_comments.csv | youtube_guatemala_plus_comments.csv,/@sergiohinestroza9709,hace 1 año,10,0,False,,/@sergiohinestroza9709,10,La felicito señorita; al rin hubo una valiente. Dios con usted  !!!,,,,felicitar señorito rin valiente dios usted
n8iP75gIpmw,UgyihMW-pXKI2cEDqWx4AaABAg,Qué rico come tu diputado,Quorum,UCE4rsXcgDb6e1-a9iTbWzfg,@MrDuenderojo,UCXXh7yg5KUFIWylTiKVEFKQ,Siguen con las mismas mañas....los diputados acostumbrados a estar de gorriones....,@quorumgt/videos,channel,quorum_complete_comments.csv | youtube_guatemala_plus_comments.csv,/@MrDuenderojo,hace 2 años,1,0,False,,/@MrDuenderojo,1,Siguen con las mismas mañas....los diputados acostumbrados a estar de gorriones....,,,,seguir mismo maña diputado acostumbrar gorrión
n8iP75gIpmw,UgyisqlInC7oBNbU95Z4AaABAg,Qué rico come tu diputado,Quorum,UCE4rsXcgDb6e1-a9iTbWzfg,@ManuelEdran,UC5H8ASmMC9WrURmzeB4ySog,Lleve su lonchera...,@quorumgt/videos,channel,quorum_complete_comments.csv | youtube_guatemala_plus_comments.csv,/@ManuelEdran,hace 2 años,1,0,False,,/@ManuelEdran,1,Lleve su lonchera...,,,,llevar lonchera
n8iP75gIpmw,Ugyk3PqfIuDEuXyeb494AaABAg,Qué rico come tu diputado,Quorum,UCE4rsXcgDb6e1-a9iTbWzfg,@edgarroldan5539,UCfM3nrxtTQMY5jFx1v1J4Gg,Cabal con pisto robado c asen micos y pericos lo de productivo para el país queda muy lejos,@quorumgt/videos,channel,quorum_complete_comments.csv | youtube_guatemala_plus_comments.csv,/@edgarroldan5539,hace 1 año, ,0,False,,/@edgarroldan5539,0,Cabal con pisto robado c asen micos y pericos lo de productivo para el país queda muy lejos,,,,cabal pisto robar asar mico perico productivo país queda lejos
n8iP75gIpmw,UgykKTDDGdoiNQIuYJd4AaABAg,Qué rico come tu diputado,Quorum,UCE4rsXcgDb6e1-a9iTbWzfg,@CARLOSSTREMS51,UCp4iw5_5SmV9VGTFSNVGOmQ,"Quien no lo conoce que lo compre, este fue mano derecha y achichincle de Baldizón en LIDER. Andaban en helicoptero pagado por los financistas que iban a cobrar con creces si llegaban al poder. Este es un Dipucaco",@quorumgt/videos,channel,quorum_complete_comments.csv | youtube_guatemala_plus_comments.csv,/@CARLOSSTREMS51,hace 2 años, ,0,False,,/@CARLOSSTREMS51,0,"Quien no lo conoce que lo compre, este fue mano derecha y achichincle de Baldizón en LIDER. Andaban en helicoptero pagado por los financistas que iban a cobrar con creces si llegaban al poder. Este es un Dipucaco",,,,conocer comprar mano derecha achichincle baldizón lider andar helicoptero pagar financista ir cobrar crecer si llegar poder dipucaco
lj983NWyAQY,UgymHCpILRINq5oT_7B4AaABAg,Plan 2032 Ciudad de Guatemala,Municipalidad de Guatemala,UCXa6LVjBzUtmcM3cwbd9e2w,@JoseReyes-rn6sh,UCIp19h9igblA2YKfSLPDAug,"FORTALEZCAMOS A NUESTRA BELLÍSIMA GUATEMALA


GUATEMALTECOS Y GUATEMALTECAS UNIDOS


ESTAN CONMIGO?",Municipalidad de Guatemala,topic,lj983NWyAQY_out_comments.csv | youtube_guatemala_plus_comments.csv,/@JoseReyes-rn6sh,hace 6 años,14,1,False,,/@JoseReyes-rn6sh,14,"FORTALEZCAMOS A NUESTRA BELLÍSIMA GUATEMALA


GUATEMALTECOS Y GUATEMALTECAS UNIDOS


ESTAN CONMIGO?",,,,fortalecer bellísima guatemala guatemalteco guatemalteco unir estar conmigo
n8iP75gIpmw,UgymHZwhYtsW9EYkxdl4AaABAg,Qué rico come tu diputado,Quorum,UCE4rsXcgDb6e1-a9iTbWzfg,@nestormendez6216,UCQtICyzWmhC5woCtbNgaSmg,"Nery Rodas entienda. los fondos públicos no son para pagar comida de nadie. En lo privado ok. Es para generar negocios.
En lo público paguen de su sueldo. Punto.",@quorumgt/videos,channel,quorum_complete_comments.csv | youtube_guatemala_plus_comments.csv,/@nestormendez6216,hace 2 años,5,0,False,,/@nestormendez6216,5,"Nery Rodas entienda. los fondos públicos no son para pagar comida de nadie. En lo privado ok. Es para generar negocios.
En lo público paguen de su sueldo. Punto.",,,,nery roda entender fondo público pagar comida nadie privado ok generar negocio público pagar sueldo punto
n8iP75gIpmw,Ugynh0Cq17X889qHS0J4AaABAg,Qué rico come tu diputado,Quorum,UCE4rsXcgDb6e1-a9iTbWzfg,@mariasamo8637,UCwha8rxULYMVtNwZWeSkE1A,No sé si todos los del Cabal son corruptos; pero Nery Rodas es un descarado corrupto.,@quorumgt/videos,channel,quorum_complete_comments.csv | youtube_guatemala_plus_comments.csv,/@mariasamo8637,hace 1 año, ,0,False,,/@mariasamo8637,0,No sé si todos los del Cabal son corruptos; pero Nery Rodas es un descarado corrupto.,,,,ser si cabal corrupto nery roda descarar corrupto
j43HgwYFKfk,UgyoRKhs1yP8oKoD3uh4AaABAg,La cooptación de Walter Mazariegos en la USAC,Quorum,UCE4rsXcgDb6e1-a9iTbWzfg,@Jel.Awesh.M,UCylqlpsh8ENNM1LqgQ1KbxA,Fuera Mazarriegos,@quorumgt,topic,j43HgwYFKfk_out_comments.csv | quorum_complete_comments.csv | youtube_guatemala_plus_comments.csv,/@Jel.Awesh.M,hace 4 meses, ,0,False,,/@Jel.Awesh.M,0,Fuera Mazarriegos,,,,mazarriegos
j43HgwYFKfk,UgyoglGwyV2PhIAvHdt4AaABAg,La cooptación de Walter Mazariegos en la USAC,Quorum,UCE4rsXcgDb6e1-a9iTbWzfg,@caminoseternos752,UCHbwIx9pmQuf7i-4_xO2EpA,"Excelente información, necesitaba saber y esta bastante claro... Ahora entiendo mejor 😢",@quorumgt,topic,j43HgwYFKfk_out_comments.csv | quorum_complete_comments.csv | youtube_guatemala_plus_comments.csv,/@caminoseternos752,hace 6 meses (editado), ,0,False,,/@caminoseternos752,0,"Excelente información, necesitaba saber y esta bastante claro... Ahora entiendo mejor 😢",,,😢,excelente información necesitar saber bastante claro ahora entender mejor
j43HgwYFKfk,UgyqA5EpXnBPn_uH-KB4AaABAg,La cooptación de Walter Mazariegos en la USAC,Quorum,UCE4rsXcgDb6e1-a9iTbWzfg,@RolandoCastroPérez-d7y,UCu8_3-Wg-YzNyvHYQDEscfw,Y por que no manifiestan contra toda esa mafia ante los tribunales?. Se que hay mucha suciedad en la justicia pero se debe hacer algo.,@quorumgt,topic,j43HgwYFKfk_out_comments.csv | quorum_complete_comments.csv | youtube_guatemala_plus_comments.csv,/@RolandoCastroP%C3%A9rez-d7y,hace 1 año,2,0,False,,/@RolandoCastroPérez-d7y,2,Y por que no manifiestan contra toda esa mafia ante los tribunales?. Se que hay mucha suciedad en la justicia pero se debe hacer algo.,,,,manifestar todo mafia tribunal mucho suciedad justicia debe hacer
OkXlHx0hx-8,Ugyr_-OfFbHlc9uWhg94AaABAg,EE.UU. envía a mexicanos deportados a Guatemala antes de su regreso a México | Noticias Telemundo,Noticias Telemundo,UCRwA1NUcUnwsly35ikGhp0A,@susievidal4134,UCIgoiXdIKJyUGmUoH2Lxdzg,Bueno los otros países tampoco queremos criminal es de México que los mandé a su país donde nacieron. Costa Rica lleva años aguantando gente de otros países ya no necesitamos más crimen en nuestro país.,guatemala noticias,topic,youtube_guatemala_comments.csv | youtube_guatemala_plus_comments.csv,/@susievidal4134,hace 1 día,3,0,False,,/@susievidal4134,3,Bueno los otros países tampoco queremos criminal es de México que los mandé a su país donde nacieron. Costa Rica lleva años aguantando gente de otros países ya no necesitamos más crimen en nuestro país.,,,,bueno país tampoco querer criminal méxico mandar país nacer costa rico llevar año aguantar gente país necesitar crimen país
06mFNPU0aB8,UgysnIFZt6-_f2iGbid4AaABAg,Capturan a presuntos delincuentes disfrazados de mujer señalados de cometer asalto,Noti7,UCVpSRoZgngfSL03Nlbjtq9A,@edithsan7688,UCXN2s7DwTJm33xO-pNkAdaA,Buen trabajo,guatemala noticias,topic,youtube_guatemala_comments.csv | youtube_guatemala_plus_comments.csv,/@edithsan7688,hace 2 semanas, ,0,False,,/@edithsan7688,0,Buen trabajo,,,,bueno trabajo
lj983NWyAQY,UgysqnYM0p-_jyWisMJ4AaABAg,Plan 2032 Ciudad de Guatemala,Municipalidad de Guatemala,UCXa6LVjBzUtmcM3cwbd9e2w,@zetag,UCgLrWFdYitoP-b7-PxtUr-w,Quiero vivir en esa Guatemala :v,Municipalidad de Guatemala,topic,lj983NWyAQY_out_comments.csv | youtube_guatemala_plus_comments.csv,/@zetag,hace 7 años,405,3,False,,/@zetag,405,Quiero vivir en esa Guatemala :v,,,,querer vivir guatemala
j43HgwYFKfk,UgysslM7dkNnQ1JT7Mh4AaABAg,La cooptación de Walter Mazariegos en la USAC,Quorum,UCE4rsXcgDb6e1-a9iTbWzfg,@melvinlopez7096,UCAKuKvcbfnBD3kF5njNu-IA,Excelente información!,@quorumgt,topic,j43HgwYFKfk_out_comments.csv | quorum_complete_comments.csv | youtube_guatemala_plus_comments.csv,/@melvinlopez7096,hace 1 año, ,0,False,,/@melvinlopez7096,0,Excelente información!,,,,excelente información
n8iP75gIpmw,UgyuZ00FMdgmao7sNMx4AaABAg,Qué rico come tu diputado,Quorum,UCE4rsXcgDb6e1-a9iTbWzfg,@JuanDavila-qd7qj,UCFxE8GbokBrBsPEKM1xrOjQ,"Todo muy caro,canasta básica,transporte,y que barbaridad ,no tienen conciencia,cuántos pacientes muriendo por medicinas caras,estos diputados no tendrían que ejercer este cargo,pueblo dormido,este es un gran corrupto,vamos,une,vos, valor , todos corruptos",@quorumgt/videos,channel,quorum_complete_comments.csv | youtube_guatemala_plus_comments.csv,/@JuanDavila-qd7qj,hace 2 años (editado),10,0,False,,/@JuanDavila-qd7qj,10,"Todo muy caro,canasta básica,transporte,y que barbaridad ,no tienen conciencia,cuántos pacientes muriendo por medicinas caras,estos diputados no tendrían que ejercer este cargo,pueblo dormido,este es un gran corrupto,vamos,une,vos, valor , todos corruptos",,,,caro canasta básico transporte barbaridad conciencia cuánto paciente morir medicina cara diputado ejercer cargo pueblo dormir gran corrupto ir unir vos valor corrupto
n8iP75gIpmw,Ugyuk_4Gq9tbJjGZVRl4AaABAg,Qué rico come tu diputado,Quorum,UCE4rsXcgDb6e1-a9iTbWzfg,@andyB5280,UCh5ESQvtzyHDhCA7XyekCFA,"Y las cosas no cambian, ellos siguen haciendo pobrecitos cómo sufren, mientras jenye de muere por la compra de medicamentos y no tienen para comprarla .",@quorumgt/videos,channel,quorum_complete_comments.csv | youtube_guatemala_plus_comments.csv,/@andyB5280,hace 2 años,3,0,False,,/@andyB5280,3,"Y las cosas no cambian, ellos siguen haciendo pobrecitos cómo sufren, mientras jenye de muere por la compra de medicamentos y no tienen para comprarla .",,,,cosa cambiar seguir hacendar pobrecitos cómo sufrir mientras jenye morir compra medicamento comprarla
is3Mk5oC19g,UgyvMO5z1LjtvyRIIxd4AaABAg,Capturan a ladrón que había quedado grabado mientras robaba en una parroquia de Retalhuleu,TN23 Guatemala,UCt5Dw7ePnn0AqPqRF8Xpjkw,@lazarobarillas3575,UCk4O-J1BhoqPmig1KLGJePA,Claro....hechor y consentidor pena por igual😮😮😮😮😮😮😮,guatemala noticias,topic,youtube_guatemala_comments.csv | youtube_guatemala_plus_comments.csv,/@lazarobarillas3575,hace 1 día, ,0,False,,/@lazarobarillas3575,0,Claro....hechor y consentidor pena por igual😮😮😮😮😮😮😮,,,😮|😮|😮|😮|😮|😮|😮,claro hechor consentidor pena igual
j43HgwYFKfk,UgyvSxtnuw9xRiNU5tl4AaABAg,La cooptación de Walter Mazariegos en la USAC,Quorum,UCE4rsXcgDb6e1-a9iTbWzfg,@AnaDiaz-re9sq,UCUoYsrx1oZnCZ0usbBJn4fA,"Ese Luis Cordón, si que es valiente el resto de consejeros son lame botas",@quorumgt/videos,channel,quorum_complete_comments.csv | youtube_guatemala_plus_comments.csv,/@AnaDiaz-re9sq,hace 1 año,1,0,False,,/@AnaDiaz-re9sq,1,"Ese Luis Cordón, si que es valiente el resto de consejeros son lame botas",,,,luis cordón si valiente resto consejero lame bota
b_Hkrkl3adA,UgyxvyPVCur3jgc_1mx4AaABAg,Bloqueos en Guatemala este 31 de agosto por alza en combustibles afectan rutas principales,PrensaLibreOficial,UCEepOY2svuxbsJ-zsAPT9Fg,@Hernandez-i1o,UCHu8x4MVkayU6VgwVKd--MQ,Asquerosos dilicuentes empresas del belzebu y Buda asqueroso gobierno chueco del Don Arévalo nada hace por la población Guatemalteca y los asquerosas y asquerosos diputados del congreso de la república,guatemala noticias,topic,debug_comments_fixed2_comments.csv | youtube_guatemala_comments.csv | youtube_guatemala_plus_comments.csv,/@Hernandez-i1o,hace 7 horas,1,0,False,,/@Hernandez-i1o,1,Asquerosos dilicuentes empresas del belzebu y Buda asqueroso gobierno chueco del Don Arévalo nada hace por la población Guatemalteca y los asquerosas y asquerosos diputados del congreso de la república,,,,asqueroso dilicuentes empresa belzebu buda asqueroso gobierno chueco don arévalo hacer población guatemalteco asqueroso asqueroso diputado congreso república
n8iP75gIpmw,UgyypM6Ts6Ut_EuFcdN4AaABAg,Qué rico come tu diputado,Quorum,UCE4rsXcgDb6e1-a9iTbWzfg,@simoncreyesc7579,UC-jS_kA9w-OmpupXDx156Rg,Y pueblo muriéndose del ambre ve hijos de su mera madre,@quorumgt/videos,channel,quorum_complete_comments.csv | youtube_guatemala_plus_comments.csv,/@simoncreyesc7579,hace 2 años,2,0,False,,/@simoncreyesc7579,2,Y pueblo muriéndose del ambre ve hijos de su mera madre,,,,pueblo muriéndose ambre ve hijo merar madre
n8iP75gIpmw,Ugyyx5lXrgFXsraCIMh4AaABAg,Qué rico come tu diputado,Quorum,UCE4rsXcgDb6e1-a9iTbWzfg,@ErvinLeonardoCarreraLatín,UC9vMq1YF-e7C-VO0SHkbUTA,P..   si tengo hambre que le quitó un pedazo de ferrocarril mi...,@quorumgt/videos,channel,quorum_complete_comments.csv | youtube_guatemala_plus_comments.csv,/@ErvinLeonardoCarreraLat%C3%ADn,hace 2 años, ,0,False,,/@ErvinLeonardoCarreraLatín,0,P..   si tengo hambre que le quitó un pedazo de ferrocarril mi...,,,,si hambre quitar pedazo ferrocarril
yLZS3JiEBg8,UgyzKNq94Z4Y2GSth514AaABAg,Arroz con pollo a la MONOPOLIO,Quorum,UCE4rsXcgDb6e1-a9iTbWzfg,@sparkvalkov,UChT7pzGytNd92Nmvi-zuWog,vine del instagram!,@quorumgt/videos,channel,quorum_complete_comments.csv | youtube_guatemala_plus_comments.csv,/@sparkvalkov,hace 2 años,1,0,False,,/@sparkvalkov,1,vine del instagram!,,,,venir instagram
n8iP75gIpmw,Ugyzgy-Lqlq6CTb4GPB4AaABAg,Qué rico come tu diputado,Quorum,UCE4rsXcgDb6e1-a9iTbWzfg,@OdilioRodríguez-c5w,UChZknRmJkeGeQk0-mQuhDOg,Y porqué no lo hacen  en lugares más sencillos pero como todos estos son iguales solo piensan en hartarse bien por eso salen como Rodriguez arzu  a costillas del pueblo,@quorumgt/videos,channel,quorum_complete_comments.csv | youtube_guatemala_plus_comments.csv,/@OdilioRodr%C3%ADguez-c5w,hace 2 años,1,0,False,,/@OdilioRodríguez-c5w,1,Y porqué no lo hacen  en lugares más sencillos pero como todos estos son iguales solo piensan en hartarse bien por eso salen como Rodriguez arzu  a costillas del pueblo,,,,porqué hacer lugar sencillo igualar solo pensar hartarse bien salar rodriguez arzu costilla pueblo
WIUZtitfLRw,UgyzzIxBoO0_7kX1EWJ4AaABAg,Caminar en una ciudad hecha para carros,Quorum,UCE4rsXcgDb6e1-a9iTbWzfg,@nicelol5241,UCOARn3hnfkB7-_Rwa8Hoqcw,"Muy cierto, mi mamá en este momento esta incapacitada de una pierna y hemos vivido lo que es caminar en aceras altas, ineptas, absurdamente pequeñas y además dañadas.",@quorumgt/videos,channel,quorum_complete_comments.csv | youtube_guatemala_plus_comments.csv,/@nicelol5241,hace 1 año, ,0,False,,/@nicelol5241,0,"Muy cierto, mi mamá en este momento esta incapacitada de una pierna y hemos vivido lo que es caminar en aceras altas, ineptas, absurdamente pequeñas y además dañadas.",,,,cierto mamá momento incapacitado pierna vivir caminar acera alta inepto absurdamente pequeño además dañar
b_Hkrkl3adA,Ugz-XNtfLx0lzcoHUXN4AaABAg,Bloqueos en Guatemala este 31 de agosto por alza en combustibles afectan rutas principales,PrensaLibreOficial,UCEepOY2svuxbsJ-zsAPT9Fg,@ManuelSanchez-b8q2z,UC9Wp6vL5oCU37qC3Aj94WZA,"Que comando mierd@ mejor de todas maneras tenemos que seguir trabajando, más gasto cuando ellos tapan.",guatemala noticias,topic,debug_comments_fixed2_comments.csv | youtube_guatemala_comments.csv | youtube_guatemala_plus_comments.csv,/@ManuelSanchez-b8q2z,hace 3 horas, ,0,False,,/@ManuelSanchez-b8q2z,0,"Que comando mierd@ mejor de todas maneras tenemos que seguir trabajando, más gasto cuando ellos tapan.",,,,comando mierd mejor todo manera seguir trabajar gasto tapar
06mFNPU0aB8,Ugz158DoUO_zyZlglG14AaABAg,Capturan a presuntos delincuentes disfrazados de mujer señalados de cometer asalto,Noti7,UCVpSRoZgngfSL03Nlbjtq9A,@carlitosramirez4739,UCIXLDYqR_syskKRJy_x9W9Q,Inglés,guatemala noticias,topic,youtube_guatemala_comments.csv | youtube_guatemala_plus_comments.csv,/@carlitosramirez4739,hace 2 semanas, ,0,False,,/@carlitosramirez4739,0,Inglés,,,,inglés
n8iP75gIpmw,Ugz1TFgP101cP3SQAW94AaABAg,Qué rico come tu diputado,Quorum,UCE4rsXcgDb6e1-a9iTbWzfg,@belarminavillatoro6474,UCYN4wSQ1Sx4_LurxLlW7MPg,"Esas no son cosas minuciosas como dice el diputado Nery Rodas ya todos los diputados saben que les dieron orden de no gastar el dinero del pueblo para almuerzos de diputados y el w que quiere que  no nos digan nada porque son cosas como que no vale nada contarlo,si gastaron ese dinero que se los cobren a los diputados,están viendo qué hay personas muriendo de hambre y ellos bien Gracias dándose la gran vida que lo paguen con su sueldo que para eso ganan bien sin vergüenzas vividores,pues que lo paguen para ustedes es poco dos mil quetzales pero para nosotros los pobres es mucho dinero no importa que sea menor gasto pero entiendan que ya no,y si ustedes trabajan que sea en horas adecuadas y no en horas de comidas,y si usted dice que es muy poco el dinero entonces renuncien y busquen otro trabajo porque hay sueldos que ganan el mínimo y de ahí tienen que pagar todo imagínese señor por favor?",@quorumgt/videos,channel,quorum_complete_comments.csv | youtube_guatemala_plus_comments.csv,/@belarminavillatoro6474,hace 2 años, ,0,False,,/@belarminavillatoro6474,0,"Esas no son cosas minuciosas como dice el diputado Nery Rodas ya todos los diputados saben que les dieron orden de no gastar el dinero del pueblo para almuerzos de diputados y el w que quiere que  no nos digan nada porque son cosas como que no vale nada contarlo,si gastaron ese dinero que se los cobren a los diputados,están viendo qué hay personas muriendo de hambre y ellos bien Gracias dándose la gran vida que lo paguen con su sueldo que para eso ganan bien sin vergüenzas vividores,pues que lo paguen para ustedes es poco dos mil quetzales pero para nosotros los pobres es mucho dinero no importa que sea menor gasto pero entiendan que ya no,y si ustedes trabajan que sea en horas adecuadas y no en horas de comidas,y si usted dice que es muy poco el dinero entonces renuncien y busquen otro trabajo porque hay sueldos que ganan el mínimo y de ahí tienen que pagar todo imagínese señor por favor?",,,,cosa minucioso decir diputado nery roda diputado saber dar orden gastar dinero pueblo almuerzo diputado querer decir cosa vale contarlo si gastar dinero cobrar diputado ver persona morir hambre bien gracia dándose gran vida pagar sueldo ganar bien vergüenza vividor pues pagar usted dos mil quetzal pobre dinero importar menor gasto entender si usted trabajar hora adecuar hora comida si usted decir dinero entonces renunciar buscar trabajo sueldo ganar mínimo ahí pagar imagínese señor favor
yLZS3JiEBg8,Ugz1VUKAy1iuwk_x2jN4AaABAg,Arroz con pollo a la MONOPOLIO,Quorum,UCE4rsXcgDb6e1-a9iTbWzfg,@3762Jorge,UCTTILH6QCIxbTnEWxwRqs1g,La próxima habla de la harina de trigo.,@quorumgt/videos,channel,quorum_complete_comments.csv | youtube_guatemala_plus_comments.csv,/@3762Jorge,hace 2 años, ,0,False,,/@3762Jorge,0,La próxima habla de la harina de trigo.,,,,próximo habla harina trigo
n8iP75gIpmw,Ugz1kbHjtN-jQUk3sWd4AaABAg,Qué rico come tu diputado,Quorum,UCE4rsXcgDb6e1-a9iTbWzfg,@giovannirodas4836,UC5bG9nc_JV3FsNP2KseQiYw,Nombre.... Tenía razon el loco Taracena!!!!! Los diputados siempre iban a decir q no les alcanza el salario de 25 mil. Y uno von salario mínimo tiene q ver cómo le hace para q le alcance!!! Entonces q busquen otro trabajo!!! Es el colmo plata hay lo q pasa q los políticos como el se lo gastan en hartazon!!!!😡😡😡😡,@quorumgt/videos,channel,quorum_complete_comments.csv | youtube_guatemala_plus_comments.csv,/@giovannirodas4836,hace 2 años,2,0,False,,/@giovannirodas4836,2,Nombre.... Tenía razon el loco Taracena!!!!! Los diputados siempre iban a decir q no les alcanza el salario de 25 mil. Y uno von salario mínimo tiene q ver cómo le hace para q le alcance!!! Entonces q busquen otro trabajo!!! Es el colmo plata hay lo q pasa q los políticos como el se lo gastan en hartazon!!!!😡😡😡😡,,,😡|😡|😡|😡,nombre razon loco taracena diputado siempre ir decir alcanzar salario mil von salario mínimo ver cómo hacer alcance entonces buscar trabajo colmo plata pasa político gastar hartazon
n8iP75gIpmw,Ugz200h27x5RIAnswQd4AaABAg,Qué rico come tu diputado,Quorum,UCE4rsXcgDb6e1-a9iTbWzfg,@mireyamorales6595,UCKDR0f2fu2UzWL8mBv5-BHw,"PERO ESTOS QUE ESTAN ENTREVISTANDO AL DIPUTADO NERY RODAS PORQUE 
NO LE PREGUNTARON A LA LEGISLATURA ANTERIOR TODOS LOS GASTOS  QUE HHACIAN.
 :face-blue-smiling: ASI ES LA ANTERIOR LEGISLATURA PAGABAN HASTA PORQUE IBAN AL BAÑO.
SR. RODAS..DEJE A ESTOS QUE LO ESTAN ENTREVISTANDO QUE LE PREGUNTEN
A SU MADRE.
LO QUE AFECTO EN GRANDE EL PAIS,ESOS ROBOS DE  jimmy morales / giammattei.
ALEGANDO POR UNA FACTURA DE Q.2,OOO. O,  MENOS.
  👁giammattei  ROBO MILLONES DE MILLONES Y ESTOS CORRUPTOS ENTREVISTADORES hablando de desnutricion ???  pregunten a giammattei,vive en
el pais todavia...vayan a buscarlo.
JAMAS LE HIZIERON NUNCA UNA PREGUNTA ACERCA DE LOS GASTOS QUE HACIA.
👁 toda empresa privada o gubernamental,PAGAN SUS GASTOS PARA LAS REUNIONESS
QUE LES TOCA HACER.
VAYAN A BUSCAR A allan rodriguez por ej...alvaro arzu...esos si son CORRUPTOS.",@quorumgt/videos,channel,quorum_complete_comments.csv | youtube_guatemala_plus_comments.csv,/@mireyamorales6595,hace 2 años, ,0,False,,/@mireyamorales6595,0,"PERO ESTOS QUE ESTAN ENTREVISTANDO AL DIPUTADO NERY RODAS PORQUE 
NO LE PREGUNTARON A LA LEGISLATURA ANTERIOR TODOS LOS GASTOS  QUE HHACIAN.
 :face-blue-smiling: ASI ES LA ANTERIOR LEGISLATURA PAGABAN HASTA PORQUE IBAN AL BAÑO.
SR. RODAS..DEJE A ESTOS QUE LO ESTAN ENTREVISTANDO QUE LE PREGUNTEN
A SU MADRE.
LO QUE AFECTO EN GRANDE EL PAIS,ESOS ROBOS DE  jimmy morales / giammattei.
ALEGANDO POR UNA FACTURA DE Q.2,OOO. O,  MENOS.
  👁giammattei  ROBO MILLONES DE MILLONES Y ESTOS CORRUPTOS ENTREVISTADORES hablando de desnutricion ???  pregunten a giammattei,vive en
el pais todavia...vayan a buscarlo.
JAMAS LE HIZIERON NUNCA UNA PREGUNTA ACERCA DE LOS GASTOS QUE HACIA.
👁 toda empresa privada o gubernamental,PAGAN SUS GASTOS PARA LAS REUNIONESS
QUE LES TOCA HACER.
VAYAN A BUSCAR A allan rodriguez por ej...alvaro arzu...esos si son CORRUPTOS.",,,👁|👁,estar entrevistar diputado nery roda preguntar legislatura anterior gasto hhacian asi anterior legislatura pagar ir baño sr roda deje estar entrevistar preguntar madre afecto grande pais robo jimmy moral giammattei alegar factura ooo menos giammattei robo millón millón corrupto entrevistador hablar desnutricion preguntar giammattei vivar pais todavia ir buscarlo jamar hizieron nunca pregunta acercar gasto hacia todo empresa privado gubernamental pagar gasto reunioness toca hacer ir buscar allan rodriguez ej alvaro arzu si corrupto
PjmxCj-a9Hg,Ugz26waEPWK6VtsenFZ4AaABAg,Conferencia de Prensa del Gobierno de Guatemala. #LaRondaGt,Gobierno de la República de Guatemala,UC-ZtFBHzgkYFh7whZkuR_Ag,@juandeleon9060,UCNIeXbV_mEwpa412h1aqUWw,Dios. Los cria. Y El.....los coruptos. Siempre. Van de la Mano....,@GobiernodeGuatemala,topic,PjmxCj-a9Hg_out_comments.csv | youtube_guatemala_plus_comments.csv,/@juandeleon9060,hace 1 año,1,1,False,,/@juandeleon9060,1,Dios. Los cria. Y El.....los coruptos. Siempre. Van de la Mano....,,,,dios criar coruptos siempre ir mano
PjmxCj-a9Hg,Ugz26waEPWK6VtsenFZ4AaABAg.ALglV0O_2mtALgq1_mUSB_,Conferencia de Prensa del Gobierno de Guatemala. #LaRondaGt,Gobierno de la República de Guatemala,UC-ZtFBHzgkYFh7whZkuR_Ag,@Luis-gn3fj,UCbYoNG5J3Au5BqtbXogfEFw,Ud y quienes mas😂😂😂😂😂😂😂😂😂😂😂😂😂😂😂😂😂😂,@GobiernodeGuatemala,topic,PjmxCj-a9Hg_out_comments.csv | youtube_guatemala_plus_comments.csv,/@Luis-gn3fj,hace 1 año,1,0,False,,/@Luis-gn3fj,1,Ud y quienes mas😂😂😂😂😂😂😂😂😂😂😂😂😂😂😂😂😂😂,,,😂|😂|😂|😂|😂|😂|😂|😂|😂|😂|😂|😂|😂|😂|😂|😂|😂|😂,ud mas
n8iP75gIpmw,Ugz2Y0LOPaJfoV8R01d4AaABAg,Qué rico come tu diputado,Quorum,UCE4rsXcgDb6e1-a9iTbWzfg,@monkchapin,UCl0ekS9Tt0jJGtOEM18S63w,paaajaaaasss,@quorumgt/videos,channel,quorum_complete_comments.csv | youtube_guatemala_plus_comments.csv,/@monkchapin,hace 2 años, ,0,False,,/@monkchapin,0,paaajaaaasss,,,,paaajaaaasss
PjmxCj-a9Hg,Ugz5OziU6YjREVjZJUZ4AaABAg,Conferencia de Prensa del Gobierno de Guatemala. #LaRondaGt,Gobierno de la República de Guatemala,UC-ZtFBHzgkYFh7whZkuR_Ag,@DennisseLopetegi,UCVQf0tzL7xRzFJsABVVULpg,El estado de Colombia fue el verdugo de Uribe.. cuando sienten q alguien les enfrenta con la verdad se acobardan.. igual pasa con el ejecutivo de Guatemala.. bueno en fin arevalo es compadre de petro.  0igo a este presidente y solo mentiras salen de du bocata..  HDP,@GobiernodeGuatemala,topic,PjmxCj-a9Hg_out_comments.csv | youtube_guatemala_plus_comments.csv,/@DennisseLopetegi,hace 1 año, ,0,False,,/@DennisseLopetegi,0,El estado de Colombia fue el verdugo de Uribe.. cuando sienten q alguien les enfrenta con la verdad se acobardan.. igual pasa con el ejecutivo de Guatemala.. bueno en fin arevalo es compadre de petro.  0igo a este presidente y solo mentiras salen de du bocata..  HDP,,,,colombia verdugo uribe sentar alguien enfrentar verdad acobardar igual pasa ejecutivo guatemala bueno fin arevalo compadre petro 0igo presidente solo mentira salar du bocata hdp
b_Hkrkl3adA,Ugz6naDsqtHsbONkRBl4AaABAg,Bloqueos en Guatemala este 31 de agosto por alza en combustibles afectan rutas principales,PrensaLibreOficial,UCEepOY2svuxbsJ-zsAPT9Fg,@moisesvaldez4043,UCsUCN0Yq_UyTvKjOJLmNrnQ,Vamos a paralizar todo el pais talvez asi entiende este gibierno medrioque,guatemala noticias,topic,debug_comments_fixed2_comments.csv,/@moisesvaldez4043,hace 49 minutos, ,0,False,,/@moisesvaldez4043,0,Vamos a paralizar todo el pais talvez asi entiende este gibierno medrioque,,,,ir paralizar pais talvez asi entender gibierno medrioque
n8iP75gIpmw,Ugz76M4X7jXyiAqAC_d4AaABAg,Qué rico come tu diputado,Quorum,UCE4rsXcgDb6e1-a9iTbWzfg,@IvánPérez-j4j,UCsSXdJct-nsS8DsABoEsaYA,"Pues deberían establecer viáticos cuando los trabajos sean institucionales, eso seria más legal. Ponga una tabla de viáticos, ejemplo: desayuno 60, almuerzo 100, cena 60; hospedaje 150.",@quorumgt/videos,channel,quorum_complete_comments.csv | youtube_guatemala_plus_comments.csv,/@Iv%C3%A1nP%C3%A9rez-j4j,hace 2 años,2,1,False,,/@IvánPérez-j4j,2,"Pues deberían establecer viáticos cuando los trabajos sean institucionales, eso seria más legal. Ponga una tabla de viáticos, ejemplo: desayuno 60, almuerzo 100, cena 60; hospedaje 150.",,,,pues deber establecer viático trabajo institucional seriar legal poner tabla viático ejemplo desayuno almuerzo cena hospedaje
n8iP75gIpmw,Ugz76M4X7jXyiAqAC_d4AaABAg.A7j4tx1RMDbA7oQQlZnZR4,Qué rico come tu diputado,Quorum,UCE4rsXcgDb6e1-a9iTbWzfg,@MariaaliciaColonmorales,UC9xr9QvIcDvoZNUX5f-jaZw,"Es que ellos tienen un rubro para comidas hasta por 10,000quetzales pero ellos principalmente los de junta directiva dijeron que  no tocarían ese dinero que ellos comerían de su bolsillo",@quorumgt/videos,channel,quorum_complete_comments.csv | youtube_guatemala_plus_comments.csv,/@MariaaliciaColonmorales,hace 2 años, ,0,False,,/@MariaaliciaColonmorales,0,"Es que ellos tienen un rubro para comidas hasta por 10,000quetzales pero ellos principalmente los de junta directiva dijeron que  no tocarían ese dinero que ellos comerían de su bolsillo",,,,rubro comida 000quetzales principalmente junta directiva decir tocar dinero comer bolsillo
n8iP75gIpmw,Ugz7WPxTOQEwmZpnx_V4AaABAg,Qué rico come tu diputado,Quorum,UCE4rsXcgDb6e1-a9iTbWzfg,@davidisraelesquitsaquil,UCi1b_TRQfgO1Z9O2gNGGWNA,"Ahora se destapo la CORRUPCION Q EXISTIA Y AHORA SE CONTAMINO despues de ampliacion ahora DEUDAS a la Comunidad Internacional por PRESTAMOS para carreteras, ademas CONCESIONES A AEROPUERTOS, PUERTOS, LAS MISMAS CARRETERAS, todos millonario, EUROBONOS, vender al pais y CANASTA BASICA A Q10,000 todo lo van hacer PERO ESE DINERO QUE OBTENGAN SERA REGALO DEL 👹👹👹 Xq DIOS dara justicia en su momento la JUSTICIA DE DIOS con sus hijitos sera IMPLACABLE y omnipotente🇬🇹🇬🇹🇬🇹🇬🇹",@quorumgt/videos,channel,quorum_complete_comments.csv | youtube_guatemala_plus_comments.csv,/@davidisraelesquitsaquil,hace 2 años, ,0,False,,/@davidisraelesquitsaquil,0,"Ahora se destapo la CORRUPCION Q EXISTIA Y AHORA SE CONTAMINO despues de ampliacion ahora DEUDAS a la Comunidad Internacional por PRESTAMOS para carreteras, ademas CONCESIONES A AEROPUERTOS, PUERTOS, LAS MISMAS CARRETERAS, todos millonario, EUROBONOS, vender al pais y CANASTA BASICA A Q10,000 todo lo van hacer PERO ESE DINERO QUE OBTENGAN SERA REGALO DEL 👹👹👹 Xq DIOS dara justicia en su momento la JUSTICIA DE DIOS con sus hijitos sera IMPLACABLE y omnipotente🇬🇹🇬🇹🇬🇹🇬🇹",,,👹|👹|👹,ahora destapar corrupcion existia ahora contaminar despues ampliacion ahora deuda comunidad internacional prestar carretera adema concesionar aeropuerto puerto mismo carretera millonario eurobono vender pais canasta basica q10 ir hacer dinero obtener sera regalo xq dios dar justicia momento justicia dios hijitos sera implacable omnipotente
n8iP75gIpmw,Ugz8BbgcucTeHAjfvqJ4AaABAg,Qué rico come tu diputado,Quorum,UCE4rsXcgDb6e1-a9iTbWzfg,@SergioGarcia-z9c,UCpl8rF8uv_8uui-QRvuJaRA,Señores con el salario de este señor almuerzo asta las ocho dela noche y me como un tortrix que vale la pena,@quorumgt/videos,channel,quorum_complete_comments.csv | youtube_guatemala_plus_comments.csv,/@SergioGarcia-z9c,hace 1 año, ,0,False,,/@SergioGarcia-z9c,0,Señores con el salario de este señor almuerzo asta las ocho dela noche y me como un tortrix que vale la pena,,,,señor salario señor almuerzo asta ocho dela noche tortrix vale pena
j43HgwYFKfk,Ugz8fJcHTKHoEWJPwWt4AaABAg,La cooptación de Walter Mazariegos en la USAC,Quorum,UCE4rsXcgDb6e1-a9iTbWzfg,@EcPerez-zz9oh,UClhMWQ7XKWywYvbRnuf8QsA,"Como sabes que son pajas, si las tienes dwvuelvelas.",@quorumgt/videos,channel,quorum_complete_comments.csv | youtube_guatemala_plus_comments.csv,/@EcPerez-zz9oh,hace 1 año, ,0,False,,/@EcPerez-zz9oh,0,"Como sabes que son pajas, si las tienes dwvuelvelas.",,,,saber paja si dwvuelvelas
is3Mk5oC19g,Ugz8hBV9j2KQGtMhPUR4AaABAg,Capturan a ladrón que había quedado grabado mientras robaba en una parroquia de Retalhuleu,TN23 Guatemala,UCt5Dw7ePnn0AqPqRF8Xpjkw,@zoilagarcia9019,UC4kg7zuTfqQKLd2bkZrSYBA,Sinverguenza la ley maya y luego preso.,guatemala noticias,topic,youtube_guatemala_comments.csv | youtube_guatemala_plus_comments.csv,/@zoilagarcia9019,hace 20 horas, ,0,False,,/@zoilagarcia9019,0,Sinverguenza la ley maya y luego preso.,,,,sinverguenza ley maya luego preso
n8iP75gIpmw,Ugz8pKFUmjVv-zF8lvJ4AaABAg,Qué rico come tu diputado,Quorum,UCE4rsXcgDb6e1-a9iTbWzfg,@welfrealdana5559,UCOLGv5Pf6BF2wFcwUzgcvHg,La única que se filtro el mismo lo dijo son unos muertos de amber todos lis diputados tienen que pagar con su dinero para eso tienen un sueldo  no sean sucios,@quorumgt/videos,channel,quorum_complete_comments.csv | youtube_guatemala_plus_comments.csv,/@welfrealdana5559,hace 2 años, ,0,False,,/@welfrealdana5559,0,La única que se filtro el mismo lo dijo son unos muertos de amber todos lis diputados tienen que pagar con su dinero para eso tienen un sueldo  no sean sucios,,,,único filtro mismo decir muerto amber lis diputado pagar dinero sueldo sucio
OkXlHx0hx-8,UgzBnKyfiTTp9djPTh54AaABAg,EE.UU. envía a mexicanos deportados a Guatemala antes de su regreso a México | Noticias Telemundo,Noticias Telemundo,UCRwA1NUcUnwsly35ikGhp0A,@RosaMontesdeOca777,UCbNanjFI51cwGqMAb2rOrBw,Fe esperanza oración perseverantes diariamente paz bien verdad amor claridad sabiduría justicia divina ❤😊,guatemala noticias,topic,youtube_guatemala_comments.csv | youtube_guatemala_plus_comments.csv,/@RosaMontesdeOca777,hace 1 día, ,0,False,,/@RosaMontesdeOca777,0,Fe esperanza oración perseverantes diariamente paz bien verdad amor claridad sabiduría justicia divina ❤😊,,,❤|😊,fe esperanza oración perseverante diariamente paz bien verdad amor claridad sabiduría justicia divinar
n8iP75gIpmw,UgzBpiHQkRpqfeyCDwd4AaABAg,Qué rico come tu diputado,Quorum,UCE4rsXcgDb6e1-a9iTbWzfg,@katerynsantiago2907,UC2weSE8rpqkGMOp6StYtVfg,que verguenza de jente..esto esto lo que logran parir las universidades..y estos corruptos nunca han hecho nada bueno x el pais..lo unico que han hecho es artarse caro a costillas del pueblo...que de aposol...,@quorumgt/videos,channel,quorum_complete_comments.csv | youtube_guatemala_plus_comments.csv,/@katerynsantiago2907,hace 2 años,1,0,False,,/@katerynsantiago2907,1,que verguenza de jente..esto esto lo que logran parir las universidades..y estos corruptos nunca han hecho nada bueno x el pais..lo unico que han hecho es artarse caro a costillas del pueblo...que de aposol...,,,,verguenza jente lograr parir universidad corrupto nunca hecho bueno pais unico hecho artarse caro costilla pueblo aposol
lj983NWyAQY,UgzDFSLs4n_6XtQjgjZ4AaABAg,Plan 2032 Ciudad de Guatemala,Municipalidad de Guatemala,UCXa6LVjBzUtmcM3cwbd9e2w,@carlosoliva9249,UCyzf29IYjNw67gGIfsjgtxA,"Impresionante 👏🏻👏🏻 la ciudad de Guatemala siempre ha tenido alcaldes de visión, Arzú siempre quizo ver una ciudad cosmopolita y de gran desarrollo, esperemos eso siga.",Municipalidad de Guatemala,topic,lj983NWyAQY_out_comments.csv | youtube_guatemala_plus_comments.csv,/@carlosoliva9249,hace 7 años,45,0,False,,/@carlosoliva9249,45,"Impresionante 👏🏻👏🏻 la ciudad de Guatemala siempre ha tenido alcaldes de visión, Arzú siempre quizo ver una ciudad cosmopolita y de gran desarrollo, esperemos eso siga.",,,👏|🏻|👏|🏻,impresionante ciudad guatemala siempre alcalde visión arzú siempre quizo ver ciudad cosmopolita gran desarrollo esperar seguir
PjmxCj-a9Hg,UgzDK8qo7Il1yafNllJ4AaABAg,Conferencia de Prensa del Gobierno de Guatemala. #LaRondaGt,Gobierno de la República de Guatemala,UC-ZtFBHzgkYFh7whZkuR_Ag,@josegil3813,UCzZ6dDCEsLMXbc5pCFXIprw,Adelante Excelentisimo Senor Presidente  Bernardo Arevalo de Leo'n   2028 - 2030.-,@GobiernodeGuatemala,topic,PjmxCj-a9Hg_out_comments.csv | youtube_guatemala_plus_comments.csv,/@josegil3813,hace 1 año, ,0,False,,/@josegil3813,0,Adelante Excelentisimo Senor Presidente  Bernardo Arevalo de Leo'n   2028 - 2030.-,,,,adelantar excelentisimo senor presidente bernardo arevalo leo
lj983NWyAQY,UgzESrzC3abcN60poBF4AaABAg,Plan 2032 Ciudad de Guatemala,Municipalidad de Guatemala,UCXa6LVjBzUtmcM3cwbd9e2w,@alexarcos8349,UCaT6M2zp7X6r6Whd8Vv3kHQ,Me encanta poner un negocio en Guatemala en un futuro no muy lejano.,Municipalidad de Guatemala,topic,lj983NWyAQY_out_comments.csv | youtube_guatemala_plus_comments.csv,/@alexarcos8349,hace 5 años,1,0,False,,/@alexarcos8349,1,Me encanta poner un negocio en Guatemala en un futuro no muy lejano.,,,,encantar poner negocio guatemala futuro lejano
n8iP75gIpmw,UgzFOdujc0-cy9W1Uv14AaABAg,Qué rico come tu diputado,Quorum,UCE4rsXcgDb6e1-a9iTbWzfg,@marisosa7832,UC3NMzdMYryaw82kPTnsaljg,Mientras los Guatemaltecos  muriendo de hambre,@quorumgt/videos,channel,quorum_complete_comments.csv | youtube_guatemala_plus_comments.csv,/@marisosa7832,hace 2 años, ,0,False,,/@marisosa7832,0,Mientras los Guatemaltecos  muriendo de hambre,,,,mientras guatemalteco morir hambre
n8iP75gIpmw,UgzGYzecKVZyDzajKPV4AaABAg,Qué rico come tu diputado,Quorum,UCE4rsXcgDb6e1-a9iTbWzfg,@guillermogonzalez5153,UCLggDc_a5HriXv7I1h02sOA,"Cuando comen  puyaso,,,,,,y un niño  del campo come tortilla con sal  ,,,que es lo relevante  ,,,??",@quorumgt/videos,channel,quorum_complete_comments.csv | youtube_guatemala_plus_comments.csv,/@guillermogonzalez5153,hace 2 años,4,0,False,,/@guillermogonzalez5153,4,"Cuando comen  puyaso,,,,,,y un niño  del campo come tortilla con sal  ,,,que es lo relevante  ,,,??",,,,comer puyaso niño campo comer tortilla sal relevante
n8iP75gIpmw,UgzH_SOr2gGO_dDna5J4AaABAg,Qué rico come tu diputado,Quorum,UCE4rsXcgDb6e1-a9iTbWzfg,@FranciscoRivera-sf7ne,UCSou6a2OuYGSvPjm5psquyA,Qué descaro de ese vividor,@quorumgt/videos,channel,quorum_complete_comments.csv | youtube_guatemala_plus_comments.csv,/@FranciscoRivera-sf7ne,hace 2 años, ,0,False,,/@FranciscoRivera-sf7ne,0,Qué descaro de ese vividor,,,,descaro vividor
PjmxCj-a9Hg,UgzJ85lM1ogkB4KOk2d4AaABAg,Conferencia de Prensa del Gobierno de Guatemala. #LaRondaGt,Gobierno de la República de Guatemala,UC-ZtFBHzgkYFh7whZkuR_Ag,@aureliomaldonado4793,UCtNyHmRZtvGF2hSvI2dUBWw,Este presidente pendejo no va aser nada si no van a tapar baches menos van a avanzar en otras cosas ya están igual a México con la mañanera y no asen nada solo son abla mierda,@GobiernodeGuatemala,topic,PjmxCj-a9Hg_out_comments.csv | youtube_guatemala_plus_comments.csv,/@aureliomaldonado4793,hace 1 año, ,0,False,,/@aureliomaldonado4793,0,Este presidente pendejo no va aser nada si no van a tapar baches menos van a avanzar en otras cosas ya están igual a México con la mañanera y no asen nada solo son abla mierda,,,,presidente pendejo ir aser si ir tapar bache menos ir avanzar cosa igual méxico mañanero asar solo abla mierda
lj983NWyAQY,UgzKcy6Zr6Ele2EAo6J4AaABAg,Plan 2032 Ciudad de Guatemala,Municipalidad de Guatemala,UCXa6LVjBzUtmcM3cwbd9e2w,@samuelaguilar529,UCGqKxQS-z3NZzZF-2w338AA,"Me encantaría vivir por un tiempo en Guatemala.
Saludos desde México. :)",Municipalidad de Guatemala,topic,lj983NWyAQY_out_comments.csv | youtube_guatemala_plus_comments.csv,/@samuelaguilar529,hace 7 años,211,3,False,,/@samuelaguilar529,211,"Me encantaría vivir por un tiempo en Guatemala.
Saludos desde México. :)",,,,encantar vivir tiempo guatemala saludo méxico
yLZS3JiEBg8,UgzL_lyzP1gwPdnVQ3Z4AaABAg,Arroz con pollo a la MONOPOLIO,Quorum,UCE4rsXcgDb6e1-a9iTbWzfg,@JBFlute92,UCXO1BBohNWXkK9SBDAG2ySg,Excelente trabajo !!,@quorumgt/videos,channel,quorum_complete_comments.csv | youtube_guatemala_plus_comments.csv,/@JBFlute92,hace 2 años, ,0,False,,/@JBFlute92,0,Excelente trabajo !!,,,,excelente trabajo
6W4u8sGEnGM,UgzMXsCXt9Lh-tk3fZd4AaABAg,Inician los trabajos de recuperación del Puente Belice II.,Gobierno de la República de Guatemala,UC-ZtFBHzgkYFh7whZkuR_Ag,@maydamorales4395,UChyps3dqY-VY1_wLeq-2lhw,"Despues de tanta corrpcion y desfalco por los anteriores gobiernos ladrones que esperaba Rolando? ahora si se puede ver que los fondos de nuestros impuestos se estan usando en lo que deberian de haberse usado hace 40 anios, es muy bueno ver que al fin hay un presidente que esta trabajando no sentado atras de un escritorio llenandose las bolsas!",Gobierno de la República de Guatemala,topic,youtube_guatemala_plus_comments.csv | youtube_lab_targets_small_comments.csv,/@maydamorales4395,hace 6 días,14,1,False,,/@maydamorales4395,14,"Despues de tanta corrpcion y desfalco por los anteriores gobiernos ladrones que esperaba Rolando? ahora si se puede ver que los fondos de nuestros impuestos se estan usando en lo que deberian de haberse usado hace 40 anios, es muy bueno ver que al fin hay un presidente que esta trabajando no sentado atras de un escritorio llenandose las bolsas!",,,,despues tanto corrpcion desfalco anterior gobierno ladrón esperar rolar ahora si poder ver fondo impuesto estar usar deberian haberse usar hacer anios bueno ver fin presidente trabajar sentar atras escritorio llenandose bolsa
6W4u8sGEnGM,UgzMXsCXt9Lh-tk3fZd4AaABAg.A_zGMKwFBhPA_zWhjiGKb7,Inician los trabajos de recuperación del Puente Belice II.,Gobierno de la República de Guatemala,UC-ZtFBHzgkYFh7whZkuR_Ag,@Murmullodelbarrio,UCyJhqmMbsvjpoarBBStA2kg,"Esoooooo 
Así mero es",Gobierno de la República de Guatemala,topic,youtube_guatemala_plus_comments.csv | youtube_lab_targets_small_comments.csv,/@Murmullodelbarrio,hace 6 días,1,0,False,,/@Murmullodelbarrio,1,"Esoooooo 
Así mero es",,,,esoooooo así mero
n8iP75gIpmw,UgzM_dw7xZDkJJ8eYQ94AaABAg,Qué rico come tu diputado,Quorum,UCE4rsXcgDb6e1-a9iTbWzfg,@Rogergh-nw4oj,UCXgr7vXlRrsaskPdo097kGA,asi o mas envelequero...,@quorumgt/videos,channel,quorum_complete_comments.csv | youtube_guatemala_plus_comments.csv,/@Rogergh-nw4oj,hace 2 años, ,0,False,,/@Rogergh-nw4oj,0,asi o mas envelequero...,,,,asi mas envelequero
n8iP75gIpmw,UgzMppllQcjsXkBLgiZ4AaABAg,Qué rico come tu diputado,Quorum,UCE4rsXcgDb6e1-a9iTbWzfg,@Jel.Awesh.M,UCylqlpsh8ENNM1LqgQ1KbxA,Y eso es a lo que sale a luz ¿qué más  nos esconderán?,@quorumgt/videos,channel,quorum_complete_comments.csv | youtube_guatemala_plus_comments.csv,/@Jel.Awesh.M,hace 1 año, ,0,False,,/@Jel.Awesh.M,0,Y eso es a lo que sale a luz ¿qué más  nos esconderán?,,,,salar luz esconder
n8iP75gIpmw,UgzOB-KAGGElQGAPxEZ4AaABAg,Qué rico come tu diputado,Quorum,UCE4rsXcgDb6e1-a9iTbWzfg,@aluxdel4792,UC4cXueR2bKGFJV0Fk76gwmA,"Por qué hay 160 diPUTAdos ? Máximo deberían ser 80 diPUTAdos , hambrientos porque saben que el pueblo paga y hasta da propina. Y mientras tanto en el corredor seco la gente se está muriendo de hambre",@quorumgt/videos,channel,quorum_complete_comments.csv | youtube_guatemala_plus_comments.csv,/@aluxdel4792,hace 1 año, ,0,False,,/@aluxdel4792,0,"Por qué hay 160 diPUTAdos ? Máximo deberían ser 80 diPUTAdos , hambrientos porque saben que el pueblo paga y hasta da propina. Y mientras tanto en el corredor seco la gente se está muriendo de hambre",,,,diputado máximo deber ser diputado hambriento saber pueblo paga dar propina mientras corredor seco gente morir hambre
n8iP75gIpmw,UgzOGr7KGQ9pa-CJdgN4AaABAg,Qué rico come tu diputado,Quorum,UCE4rsXcgDb6e1-a9iTbWzfg,@LE_A22,UCNBnKqWf4d-rS4HwJRQljmQ,"Ósea que por ser diputados TIENEN QUE TENER PRIVILEGIOS A HUEVOS?  25 mil al mes más dietas,mocos etc. pero hablemos de 25 mil,ese ese el salario de 5 ó 6 meses de un ciudadano de a pie… y no tiene carro comida,tel etc gratis como estas ratas,y entre esos diputados los de la junta,los jefes de bloque son los más chuchos,pero quiere justificar todo como que fuese un derecho  y ellos fuesen reyes del país",@quorumgt/videos,channel,quorum_complete_comments.csv | youtube_guatemala_plus_comments.csv,/@LE_A22,hace 2 años, ,0,False,,/@LE_A22,0,"Ósea que por ser diputados TIENEN QUE TENER PRIVILEGIOS A HUEVOS?  25 mil al mes más dietas,mocos etc. pero hablemos de 25 mil,ese ese el salario de 5 ó 6 meses de un ciudadano de a pie… y no tiene carro comida,tel etc gratis como estas ratas,y entre esos diputados los de la junta,los jefes de bloque son los más chuchos,pero quiere justificar todo como que fuese un derecho  y ellos fuesen reyes del país",,,,óseo ser diputado tener privilegio huevo mil mes dieta moco etcétera hablar mil salario mesar ciudadano pie carro comida tel etcétera gratis rata diputado junta jefe bloque chucho querer justificar derecho rey país
n8iP75gIpmw,UgzOYjc2Ii04ZArW7vF4AaABAg,Qué rico come tu diputado,Quorum,UCE4rsXcgDb6e1-a9iTbWzfg,@mariorodas593,UCmvOgzmmXbjUthHy-WJ52hQ,Eso del ferrogaril nunca se va a realisar.,@quorumgt/videos,channel,quorum_complete_comments.csv | youtube_guatemala_plus_comments.csv,/@mariorodas593,hace 2 años,1,0,False,,/@mariorodas593,1,Eso del ferrogaril nunca se va a realisar.,,,,ferrogaril nunca ir realisar
s0eco-BofOs,UgzOeIbOqa0dhaWyj_B4AaABAg,¿Quiénes pagan más en Centroamérica?,Quorum,UCE4rsXcgDb6e1-a9iTbWzfg,@jahirdiaz5862,UC6xI_MOaxajIWpoP8BH6E_Q,wooow,@quorumgt/videos,channel,quorum_complete_comments.csv | youtube_guatemala_plus_comments.csv,/@jahirdiaz5862,hace 1 año, ,0,False,,/@jahirdiaz5862,0,wooow,,,,wooow
lj983NWyAQY,UgzPExq20lnf7-8d7_p4AaABAg,Plan 2032 Ciudad de Guatemala,Municipalidad de Guatemala,UCXa6LVjBzUtmcM3cwbd9e2w,@mynorgudiel8646,UCtMBF_1O2jY2INlb_luuB_A,Que Bonita ciudad mi Guatemala como te extraño algún día regresaremos saludos a todos los paisanos que estamos en el extranjero,Municipalidad de Guatemala,topic,lj983NWyAQY_out_comments.csv | youtube_guatemala_plus_comments.csv,/@mynorgudiel8646,hace 7 años,15,0,False,,/@mynorgudiel8646,15,Que Bonita ciudad mi Guatemala como te extraño algún día regresaremos saludos a todos los paisanos que estamos en el extranjero,,,,bonito ciudad guatemala extraño alguno día regresar saludo paisano extranjero
OkXlHx0hx-8,UgzQTWwjC_XVPUNxuXp4AaABAg,EE.UU. envía a mexicanos deportados a Guatemala antes de su regreso a México | Noticias Telemundo,Noticias Telemundo,UCRwA1NUcUnwsly35ikGhp0A,@flornolberto2425,UCrqXyRsg-_hTosURZ-uvoKg,Que desgraciados sin Corazón y porque mandarlos a un pais del que no pertenesen ???? Si los  deportan por lo menos deverian de hacerlo al pais que pertenesen haci la familia puede verlos y ver sus nesecidad.,guatemala noticias,topic,youtube_guatemala_comments.csv | youtube_guatemala_plus_comments.csv,/@flornolberto2425,hace 1 día, ,0,False,,/@flornolberto2425,0,Que desgraciados sin Corazón y porque mandarlos a un pais del que no pertenesen ???? Si los  deportan por lo menos deverian de hacerlo al pais que pertenesen haci la familia puede verlos y ver sus nesecidad.,,,,desgraciado corazón mandarlos pais pertenesen si deportar menos deverian hacerlo pais pertenesen haci familia poder verlos ver nesecidad
OkXlHx0hx-8,UgzRlz8OqalaHh8EnUl4AaABAg,EE.UU. envía a mexicanos deportados a Guatemala antes de su regreso a México | Noticias Telemundo,Noticias Telemundo,UCRwA1NUcUnwsly35ikGhp0A,@pasionpornada,UCGZMgmM92E3njyXNe9-kjAQ,""" Ayudanos a luchar contra el racismo y los malos tratos; vete de regreso a tu pais""
                                              Someone.",guatemala noticias,topic,youtube_guatemala_comments.csv | youtube_guatemala_plus_comments.csv,/@pasionpornada,hace 1 día (editado),2,1,False,,/@pasionpornada,2,""" Ayudanos a luchar contra el racismo y los malos tratos; vete de regreso a tu pais""
                                              Someone.",,,,ayudanos luchar racismo malo trato verse regreso pais someone
OkXlHx0hx-8,UgzRlz8OqalaHh8EnUl4AaABAg.Aa9hqaKl_ywAaB_OUjpKKh,EE.UU. envía a mexicanos deportados a Guatemala antes de su regreso a México | Noticias Telemundo,Noticias Telemundo,UCRwA1NUcUnwsly35ikGhp0A,@eugeneramirez4405,UCi2KiZq63sRq8Mfbcp-MelQ,"It ghe LAW 
You don't make your own rules!",guatemala noticias,topic,youtube_guatemala_comments.csv | youtube_guatemala_plus_comments.csv,/@eugeneramirez4405,hace 20 horas, ,0,False,,/@eugeneramirez4405,0,"It ghe LAW 
You don't make your own rules!",,,,it ghe law you don make your own rular
yLZS3JiEBg8,UgzRyWsi9Ed1wsXKgwd4AaABAg,Arroz con pollo a la MONOPOLIO,Quorum,UCE4rsXcgDb6e1-a9iTbWzfg,@franciscorodas9686,UCOY3XpD9qMCRSA8AA8c4CAw,Muy buena explicación para entender los carteles y la necesidad de una Ley de Competencia. Felicitaciones.,@quorumgt/videos,channel,quorum_complete_comments.csv | youtube_guatemala_plus_comments.csv,/@franciscorodas9686,hace 2 años,1,0,False,,/@franciscorodas9686,1,Muy buena explicación para entender los carteles y la necesidad de una Ley de Competencia. Felicitaciones.,,,,bueno explicación entender cartel necesidad ley competencia felicitación
is3Mk5oC19g,UgzSjpcAY2zvJ6i-poh4AaABAg,Capturan a ladrón que había quedado grabado mientras robaba en una parroquia de Retalhuleu,TN23 Guatemala,UCt5Dw7ePnn0AqPqRF8Xpjkw,@Williams-Garcia67E,UCfRqgt2O-vjzUDMZY_tnxQw,Robando en una iglesia eso es un gran pecado,guatemala noticias,topic,youtube_guatemala_comments.csv | youtube_guatemala_plus_comments.csv,/@Williams-Garcia67E,hace 23 horas, ,0,False,,/@Williams-Garcia67E,0,Robando en una iglesia eso es un gran pecado,,,,robar iglesia gran pecado
n8iP75gIpmw,UgzSu6dFpC7PrEYl7AF4AaABAg,Qué rico come tu diputado,Quorum,UCE4rsXcgDb6e1-a9iTbWzfg,@ErvinLeonardoCarreraLatín,UC9vMq1YF-e7C-VO0SHkbUTA,Este señor le vale cuánto es el valor del almuerzo de un pobre y cuánto gana la población  más pobre,@quorumgt/videos,channel,quorum_complete_comments.csv | youtube_guatemala_plus_comments.csv,/@ErvinLeonardoCarreraLat%C3%ADn,hace 2 años, ,0,False,,/@ErvinLeonardoCarreraLatín,0,Este señor le vale cuánto es el valor del almuerzo de un pobre y cuánto gana la población  más pobre,,,,señor vale cuánto valor almuerzo pobre cuánto gana población pobre
6W4u8sGEnGM,UgzT_1dx4pvgJTFMsnZ4AaABAg,Inician los trabajos de recuperación del Puente Belice II.,Gobierno de la República de Guatemala,UC-ZtFBHzgkYFh7whZkuR_Ag,@robertoescobar5507,UCp29O_C7cchZV8IxV7Crdag,"Parafraseando a Bukele, cuando no hay hueveo el pisto alcanza.",Gobierno de la República de Guatemala,topic,youtube_guatemala_plus_comments.csv | youtube_lab_targets_small_comments.csv,/@robertoescobar5507,hace 5 días (editado), ,0,False,,/@robertoescobar5507,0,"Parafraseando a Bukele, cuando no hay hueveo el pisto alcanza.",,,,parafrasear bukele huevear pisto alcanzar
n8iP75gIpmw,UgzTqBd3og9IPuVu3o94AaABAg,Qué rico come tu diputado,Quorum,UCE4rsXcgDb6e1-a9iTbWzfg,@josecarrera9623,UCrJn_rbo_ENAdeqneS-RmRw,se be q ese neri rodas kiere seguir comiendo acostillas de los pobres de guatemala verguenza no conose,@quorumgt/videos,channel,quorum_complete_comments.csv | youtube_guatemala_plus_comments.csv,/@josecarrera9623,hace 2 años,1,0,False,,/@josecarrera9623,1,se be q ese neri rodas kiere seguir comiendo acostillas de los pobres de guatemala verguenza no conose,,,,be neri roda kiere seguir comer acostillas pobre guatemala verguenza conose
ndAZjHqzzT8,UgzU2eLo006-Cz6rYLZ4AaABAg,Internet: escoger el menos malo,Quorum,UCE4rsXcgDb6e1-a9iTbWzfg,@2jose82,UCjJf-AJKRFFWtiN-CSwkDmA,En Tigo tienen una práctica que se llama falla programada y como lo dice el nombre lo hacen para obligar a los a clientes a migrar a nuevos servicios que seguramente podrían llegar a ser más caros o para que paguen x adelantado en el caso del internet residencial sin contrato,@quorumgt/videos,channel,quorum_complete_comments.csv | youtube_guatemala_plus_comments.csv,/@2jose82,hace 1 año, ,0,False,,/@2jose82,0,En Tigo tienen una práctica que se llama falla programada y como lo dice el nombre lo hacen para obligar a los a clientes a migrar a nuevos servicios que seguramente podrían llegar a ser más caros o para que paguen x adelantado en el caso del internet residencial sin contrato,,,,tigo práctica llama falla programar decir nombre hacer obligar cliente migrar nuevo servicio seguramente poder llegar ser caro pagar adelantado caso internet residencial contrato
is3Mk5oC19g,UgzVRaRar_M-cPPi92x4AaABAg,Capturan a ladrón que había quedado grabado mientras robaba en una parroquia de Retalhuleu,TN23 Guatemala,UCt5Dw7ePnn0AqPqRF8Xpjkw,@alexmonzon4257,UCBtB5dIyx-C16UN8ClUD2UA,Parece hijo del policia que esta a su lado...,guatemala noticias,topic,youtube_guatemala_comments.csv | youtube_guatemala_plus_comments.csv,/@alexmonzon4257,hace 17 horas, ,0,False,,/@alexmonzon4257,0,Parece hijo del policia que esta a su lado...,,,,parecer hijo policia lado
n8iP75gIpmw,UgzVSZ19e2Cc28bFi-94AaABAg,Qué rico come tu diputado,Quorum,UCE4rsXcgDb6e1-a9iTbWzfg,@luisletona2842,UCDUffaruH6dyUnUGwsTKpgg,Pobrecito dipucaco,@quorumgt/videos,channel,quorum_complete_comments.csv | youtube_guatemala_plus_comments.csv,/@luisletona2842,hace 2 años,2,0,False,,/@luisletona2842,2,Pobrecito dipucaco,,,,pobrecito dipucaco
6W4u8sGEnGM,UgzVsPOuFAogocL8wKB4AaABAg,Inician los trabajos de recuperación del Puente Belice II.,Gobierno de la República de Guatemala,UC-ZtFBHzgkYFh7whZkuR_Ag,@pattyfigueroa5609,UCgGqw4aqMdMVSGkKiMgrJRQ,Interesante 😊 de haya cosas buenas en el país de guatemala.con el puente Belice dos.,Gobierno de la República de Guatemala,topic,youtube_guatemala_plus_comments.csv | youtube_lab_targets_small_comments.csv,/@pattyfigueroa5609,hace 4 días, ,0,False,,/@pattyfigueroa5609,0,Interesante 😊 de haya cosas buenas en el país de guatemala.con el puente Belice dos.,,,😊,interesante cosa bueno país guatemala puente belice dos
j43HgwYFKfk,UgzWNBqTQMz8ba4pbUd4AaABAg,La cooptación de Walter Mazariegos en la USAC,Quorum,UCE4rsXcgDb6e1-a9iTbWzfg,@RauldejesusOlivagonzalez,UC32oozucwCF3q8d4m8fyOUg,La pregunta  es.quetanto poder tiene ese delicuente de. Masariego  porque es impone ese indibidodespierte amigo unibersitarios que pasa,@quorumgt/videos,channel,quorum_complete_comments.csv | youtube_guatemala_plus_comments.csv,/@RauldejesusOlivagonzalez,hace 6 meses, ,0,False,,/@RauldejesusOlivagonzalez,0,La pregunta  es.quetanto poder tiene ese delicuente de. Masariego  porque es impone ese indibidodespierte amigo unibersitarios que pasa,,,,pregunta quetanto poder delicuente masariego imponer indibidodespierte amigo unibersitarios pasa
n8iP75gIpmw,UgzWNJK42U_F1IKlwwh4AaABAg,Qué rico come tu diputado,Quorum,UCE4rsXcgDb6e1-a9iTbWzfg,@davidgaher9550,UCvApqeCbLod-wejtT4CcVuA,"Prepotente todavía, ni vergüenza tienen, gastar como no les cuesta nada deberían pagarlo con sus propio sueldo",@quorumgt/videos,channel,quorum_complete_comments.csv | youtube_guatemala_plus_comments.csv,/@davidgaher9550,hace 2 años,15,0,False,,/@davidgaher9550,15,"Prepotente todavía, ni vergüenza tienen, gastar como no les cuesta nada deberían pagarlo con sus propio sueldo",,,,prepotente todavía vergüenza gastar cuesta deber pagarlo propio sueldo
JkpVO1hx2f8,UgzWs20muY6Ghm9Z7094AaABAg,10 Preguntas a un año del Paro Nacional,Quorum,UCE4rsXcgDb6e1-a9iTbWzfg,@noemiherrera3152,UCHGd14aYuZZShLD73dkk6mg,Fue emocionante! ❤🥹,@quorumgt/videos,channel,quorum_complete_comments.csv | youtube_guatemala_plus_comments.csv,/@noemiherrera3152,hace 1 año, ,0,False,,/@noemiherrera3152,0,Fue emocionante! ❤🥹,,,❤|🥹,emocionante
n8iP75gIpmw,UgzXDN6uNEworKy3uqZ4AaABAg,Qué rico come tu diputado,Quorum,UCE4rsXcgDb6e1-a9iTbWzfg,@JavierBecerra-h6x,UCiMythXHsw7eQEMykCdmMUA,"Con la venta de fertilizantes se repone todo lo gastado y queda ganancia todavía, dice que tiene 40 agroservicios.",@quorumgt/videos,channel,quorum_complete_comments.csv | youtube_guatemala_plus_comments.csv,/@JavierBecerra-h6x,hace 2 años,2,0,False,,/@JavierBecerra-h6x,2,"Con la venta de fertilizantes se repone todo lo gastado y queda ganancia todavía, dice que tiene 40 agroservicios.",,,,venta fertilizante reponer gastar queda ganancia todavía decir agroservicios
j43HgwYFKfk,UgzYz6n8mPI0dBWsP2h4AaABAg,La cooptación de Walter Mazariegos en la USAC,Quorum,UCE4rsXcgDb6e1-a9iTbWzfg,@Tommii.10,UC-fiZBS5Gp1eCJd9ucgWnCg,Hay que sacar a como de lugar a estos 37 miembros del consejo que cumplieron su tiempo y colocar una denuncia penal contra estos que están usurpado los cargos en el CSU,@quorumgt,topic,j43HgwYFKfk_out_comments.csv | quorum_complete_comments.csv | youtube_guatemala_plus_comments.csv,/@Tommii.10,hace 1 año,6,0,False,,/@Tommii.10,6,Hay que sacar a como de lugar a estos 37 miembros del consejo que cumplieron su tiempo y colocar una denuncia penal contra estos que están usurpado los cargos en el CSU,,,,sacar lugar miembro consejo cumplir tiempo colocar denuncia penal usurpar cargo csu
b_Hkrkl3adA,UgzZMPOIKJlwEpgh7zd4AaABAg,Bloqueos en Guatemala este 31 de agosto por alza en combustibles afectan rutas principales,PrensaLibreOficial,UCEepOY2svuxbsJ-zsAPT9Fg,@lazarochavez8269,UC5PrBbmUlQolwqmiru7yZhw,Porque estan aciendo protestas si la gasolina aun subira mas de precio yo claro les edicho que si Nosotros perdemos la guerra Con Irán 🇮🇷 ustedes países como Mexico Guatemala todos los países del mundo 🌎no podrán comprar gasolina porque el galón subira $10. por galón cuánto es esto en tu país es mucho dinero saludos desde mi hermoso país 🇺🇸🇺🇸💵🦅🇺🇸🇺🇸♥️,guatemala noticias,topic,debug_comments_fixed2_comments.csv | youtube_guatemala_comments.csv | youtube_guatemala_plus_comments.csv,/@lazarochavez8269,hace 5 horas, ,1,False,,/@lazarochavez8269,0,Porque estan aciendo protestas si la gasolina aun subira mas de precio yo claro les edicho que si Nosotros perdemos la guerra Con Irán 🇮🇷 ustedes países como Mexico Guatemala todos los países del mundo 🌎no podrán comprar gasolina porque el galón subira $10. por galón cuánto es esto en tu país es mucho dinero saludos desde mi hermoso país 🇺🇸🇺🇸💵🦅🇺🇸🇺🇸♥️,,,🌎|💵|🦅|♥,estar aciendo protesta si gasolina aún subira mas precio claro edicho si perder guerra ir usted país mexico guatemala país mundo poder comprar gasolina galón subira galón cuánto país dinero saludo hermoso país
b_Hkrkl3adA,UgzZMPOIKJlwEpgh7zd4AaABAg.AaB6SZj2UadAaBRkGrUAJI,Bloqueos en Guatemala este 31 de agosto por alza en combustibles afectan rutas principales,PrensaLibreOficial,UCEepOY2svuxbsJ-zsAPT9Fg,@CelestinoQuej-j7k,UC094EFEmMSdwVa8NQjjYBXg,Pero ay que entender esta a 10 o un poco MAs de impuesto x galon en en Guatemala,guatemala noticias,topic,debug_comments_fixed2_comments.csv | youtube_guatemala_comments.csv | youtube_guatemala_plus_comments.csv,/@CelestinoQuej-j7k,hace 2 horas, ,0,False,,/@CelestinoQuej-j7k,0,Pero ay que entender esta a 10 o un poco MAs de impuesto x galon en en Guatemala,,,,ay entender mas impuesto galon guatemala
b_Hkrkl3adA,UgzZMPOIKJlwEpgh7zd4AaABAg.AaB6SZj2UadAaCH5adXxCo,Bloqueos en Guatemala este 31 de agosto por alza en combustibles afectan rutas principales,PrensaLibreOficial,UCEepOY2svuxbsJ-zsAPT9Fg,@JoséLopez-g6k,UCGm3gRBEHGRJYmtCryZLtDw,Pues  dile a tu presidente que deje de andar haciendo guerra a lo baboseo .,guatemala noticias,topic,youtube_guatemala_comments.csv | youtube_guatemala_plus_comments.csv,/@Jos%C3%A9Lopez-g6k,hace 13 horas, ,0,False,,/@JoséLopez-g6k,0,Pues  dile a tu presidente que deje de andar haciendo guerra a lo baboseo .,,,,pues dile presidente deje andar hacendar guerra baboseo
lj983NWyAQY,UgzZc-W-gVj1t4SXc-54AaABAg,Plan 2032 Ciudad de Guatemala,Municipalidad de Guatemala,UCXa6LVjBzUtmcM3cwbd9e2w,@kingr4706,UCwUAv3_LpWVtTIi7lkmTL7A,"Sería muy bueno que hicieran eso, y que también mejoren muchas cosas no solo en la capital. Ojalá antes lo hagan.
Vamos Guate, saldremos adelante con pasos pequeño pero firmes 🇬🇹❤️🇬🇹",Municipalidad de Guatemala,topic,lj983NWyAQY_out_comments.csv | youtube_guatemala_plus_comments.csv,/@kingr4706,hace 6 años,16,0,False,,/@kingr4706,16,"Sería muy bueno que hicieran eso, y que también mejoren muchas cosas no solo en la capital. Ojalá antes lo hagan.
Vamos Guate, saldremos adelante con pasos pequeño pero firmes 🇬🇹❤️🇬🇹",,,❤,bueno hacer mejorar mucho cosa solo capital ojalá hacer ir guate salir adelantar paso pequeño firme
n8iP75gIpmw,UgzaTUgOy4ekC0xQoFt4AaABAg,Qué rico come tu diputado,Quorum,UCE4rsXcgDb6e1-a9iTbWzfg,@ManuelEdran,UC5H8ASmMC9WrURmzeB4ySog,Es su obligacion trabajar...no se aproveche,@quorumgt/videos,channel,quorum_complete_comments.csv | youtube_guatemala_plus_comments.csv,/@ManuelEdran,hace 2 años,1,0,False,,/@ManuelEdran,1,Es su obligacion trabajar...no se aproveche,,,,obligacion trabajar aprovechar
ndAZjHqzzT8,UgzaWev1Ju6338Y7Ehl4AaABAg,Internet: escoger el menos malo,Quorum,UCE4rsXcgDb6e1-a9iTbWzfg,@allanreneramirezgonzalez534,UC5wuDq3U3vRAhOQI3D7gNdw,"Excelente informacion, me suscribí al canal por una publicacion en FB",@quorumgt/videos,channel,quorum_complete_comments.csv | youtube_guatemala_plus_comments.csv,/@allanreneramirezgonzalez534,hace 2 años,2,1,False,,/@allanreneramirezgonzalez534,2,"Excelente informacion, me suscribí al canal por una publicacion en FB",,,,excelente informacion suscribir canal publicacion fb
ndAZjHqzzT8,UgzaWev1Ju6338Y7Ehl4AaABAg.A3Wof66r37mA3WrEtkJyep,Internet: escoger el menos malo,Quorum,UCE4rsXcgDb6e1-a9iTbWzfg,@hashojea7348,UCvcu1kR8xMYy_I1Ty-2mV2Q,Me pasó,@quorumgt/videos,channel,quorum_complete_comments.csv | youtube_guatemala_plus_comments.csv,/@hashojea7348,hace 2 años, ,0,False,,/@hashojea7348,0,Me pasó,,,,pasar
n8iP75gIpmw,Ugzb66mq9Rv0T7aalfJ4AaABAg,Qué rico come tu diputado,Quorum,UCE4rsXcgDb6e1-a9iTbWzfg,@MrDuenderojo,UCXXh7yg5KUFIWylTiKVEFKQ,El poeta de el diablo el portillo... y no que muy honesto el pastorcito  pues......,@quorumgt/videos,channel,quorum_complete_comments.csv | youtube_guatemala_plus_comments.csv,/@MrDuenderojo,hace 2 años,1,0,False,,/@MrDuenderojo,1,El poeta de el diablo el portillo... y no que muy honesto el pastorcito  pues......,,,,poeta diablo portillo honesto pastorcito pues
n8iP75gIpmw,UgzcJTEHjaN8bEV8Hfd4AaABAg,Qué rico come tu diputado,Quorum,UCE4rsXcgDb6e1-a9iTbWzfg,@marioajset4283,UC3XTwHxygNCgjndsg-UiCQA,"Julio Héctor Estrada, que triste que inconsciencia.",@quorumgt/videos,channel,quorum_complete_comments.csv | youtube_guatemala_plus_comments.csv,/@marioajset4283,hace 2 años,1,0,False,,/@marioajset4283,1,"Julio Héctor Estrada, que triste que inconsciencia.",,,,julio héctor estrada triste inconsciencia
n8iP75gIpmw,UgzcVyiuFGJ0Yv0C4Zt4AaABAg,Qué rico come tu diputado,Quorum,UCE4rsXcgDb6e1-a9iTbWzfg,@nestorlorenzana1168,UCsJJAvrVGupdmhOqgtDp8dg,Mentiras los diputados no ganan Q25mil......Ellos ganan Q45mil....no sea mentiroso,@quorumgt/videos,channel,quorum_complete_comments.csv | youtube_guatemala_plus_comments.csv,/@nestorlorenzana1168,hace 2 años,1,0,False,,/@nestorlorenzana1168,1,Mentiras los diputados no ganan Q25mil......Ellos ganan Q45mil....no sea mentiroso,,,,mentira diputado ganar q25mil ganar q45mil mentiroso
n8iP75gIpmw,Ugzd2CVlJWOmHWBPSkN4AaABAg,Qué rico come tu diputado,Quorum,UCE4rsXcgDb6e1-a9iTbWzfg,@MegaKristenstewart,UCQ_-LPP8JAbfkc-b1Q6NvWw,Diputados ladrones sin verguenza por eso guate nunca va salir adelante que pena.,@quorumgt/videos,channel,quorum_complete_comments.csv | youtube_guatemala_plus_comments.csv,/@MegaKristenstewart,hace 2 años, ,0,False,,/@MegaKristenstewart,0,Diputados ladrones sin verguenza por eso guate nunca va salir adelante que pena.,,,,diputado ladrón verguenza guate nunca ir salir adelantar pena
n8iP75gIpmw,UgzeCbhVJhOJATewi5J4AaABAg,Qué rico come tu diputado,Quorum,UCE4rsXcgDb6e1-a9iTbWzfg,@JosueRamirez-ey3ih,UCtNfIBnc5S5DbbQj_yxgJTw,Mantenidos,@quorumgt/videos,channel,quorum_complete_comments.csv | youtube_guatemala_plus_comments.csv,/@JosueRamirez-ey3ih,hace 2 años,1,0,False,,/@JosueRamirez-ey3ih,1,Mantenidos,,,,mantener
6W4u8sGEnGM,UgzfLTatI6lJD6Z_u_94AaABAg,Inician los trabajos de recuperación del Puente Belice II.,Gobierno de la República de Guatemala,UC-ZtFBHzgkYFh7whZkuR_Ag,@AlbertoMancilla-p9h,UC-Iul5tDYH_oiAMXQH-KaaQ,Wooooooooooooooooooooooooow calidad va llegará el tren asta izabal puerto Barrios el Atlántico y pacifico va ser súper lindo proyecto va ver mucho trabajo en el país saludos desde USA 🇺🇸 🎉,Gobierno de la República de Guatemala,topic,youtube_guatemala_plus_comments.csv | youtube_lab_targets_small_comments.csv,/@AlbertoMancilla-p9h,hace 6 días,1,0,False,,/@AlbertoMancilla-p9h,1,Wooooooooooooooooooooooooow calidad va llegará el tren asta izabal puerto Barrios el Atlántico y pacifico va ser súper lindo proyecto va ver mucho trabajo en el país saludos desde USA 🇺🇸 🎉,,,🎉,wooooooooooooooooooooooooow calidad ir llegar tren asta izabal puerto barrio atlántico pacificar ir ser súper lindo proyecto ir ver trabajo país saludo usar
WIUZtitfLRw,UgzfXuFsM8L3Qt6qWJV4AaABAg,Caminar en una ciudad hecha para carros,Quorum,UCE4rsXcgDb6e1-a9iTbWzfg,@ZabalaXabier,UCyW68EGZey4ao_Vf2cR5Ztg,"Y los popos por las calles, humanos y de perros principalmente, nadie los limpia, un problema de seguridad vial y de salud pública. Hay que hacer algo más por los peatones.",@quorumgt/videos,channel,quorum_complete_comments.csv | youtube_guatemala_plus_comments.csv,/@ZabalaXabier,hace 1 año, ,0,False,,/@ZabalaXabier,0,"Y los popos por las calles, humanos y de perros principalmente, nadie los limpia, un problema de seguridad vial y de salud pública. Hay que hacer algo más por los peatones.",,,,popos calle humano perro principalmente nadie limpia problema seguridad vial salud público hacer peatón
OkXlHx0hx-8,Ugzfc9D5wlSKYgY5Jrh4AaABAg,EE.UU. envía a mexicanos deportados a Guatemala antes de su regreso a México | Noticias Telemundo,Noticias Telemundo,UCRwA1NUcUnwsly35ikGhp0A,@MariaNavarroYT,UCZjm6U576nX8WOiLhmMR3bw,Cuantas maldad😢😢😢,guatemala noticias,topic,youtube_guatemala_comments.csv | youtube_guatemala_plus_comments.csv,/@MariaNavarroYT,hace 1 día,3,1,False,,/@MariaNavarroYT,3,Cuantas maldad😢😢😢,,,😢|😢|😢,cuanto maldad
OkXlHx0hx-8,Ugzfc9D5wlSKYgY5Jrh4AaABAg.Aa9bbFyRF_AAaB_C3DtL_L,EE.UU. envía a mexicanos deportados a Guatemala antes de su regreso a México | Noticias Telemundo,Noticias Telemundo,UCRwA1NUcUnwsly35ikGhp0A,@eugeneramirez4405,UCi2KiZq63sRq8Mfbcp-MelQ,Mexico deports people all the time! So. Why is this different??,guatemala noticias,topic,youtube_guatemala_comments.csv | youtube_guatemala_plus_comments.csv,/@eugeneramirez4405,hace 20 horas,1,0,False,,/@eugeneramirez4405,1,Mexico deports people all the time! So. Why is this different??,,,,mexico deports people all the timar so why i this different
j43HgwYFKfk,Ugzhc5zg6rDOR3ltTAZ4AaABAg,La cooptación de Walter Mazariegos en la USAC,Quorum,UCE4rsXcgDb6e1-a9iTbWzfg,@javiercifuentesarchila6041,UC_LYoGs5C3mbZKZuKuqYCvw,Gracias por explicarlo!,@quorumgt,topic,j43HgwYFKfk_out_comments.csv | quorum_complete_comments.csv | youtube_guatemala_plus_comments.csv,/@javiercifuentesarchila6041,hace 1 año,7,0,False,,/@javiercifuentesarchila6041,7,Gracias por explicarlo!,,,,gracia explicarlo
6W4u8sGEnGM,UgzhjFXjeUslGQMZ7KB4AaABAg,Inician los trabajos de recuperación del Puente Belice II.,Gobierno de la República de Guatemala,UC-ZtFBHzgkYFh7whZkuR_Ag,@BernerSoza-mg3vx,UCRfkkatKrNtAARnXMMYBGlA,Que se termine la corrupcion para construier obras como estas  correjir el pais mano dura,Gobierno de la República de Guatemala,topic,youtube_guatemala_plus_comments.csv | youtube_lab_targets_small_comments.csv,/@BernerSoza-mg3vx,hace 5 días, ,0,False,,/@BernerSoza-mg3vx,0,Que se termine la corrupcion para construier obras como estas  correjir el pais mano dura,,,,terminar corrupcion construier obra correjir pais mano durar
n8iP75gIpmw,UgzhtSisQXcyX7bqkzB4AaABAg,Qué rico come tu diputado,Quorum,UCE4rsXcgDb6e1-a9iTbWzfg,@oswaldosolis8728,UCA93ym2TXs_Ibyxb4Vcn-6Q,"Tiene razón el diputado, le dan importancia a babosaditas",@quorumgt/videos,channel,quorum_complete_comments.csv | youtube_guatemala_plus_comments.csv,/@oswaldosolis8728,hace 2 años, ,0,False,,/@oswaldosolis8728,0,"Tiene razón el diputado, le dan importancia a babosaditas",,,,razón diputado dar importancia babosaditas
n8iP75gIpmw,Ugzi82q6lRyjtKUL5lV4AaABAg,Qué rico come tu diputado,Quorum,UCE4rsXcgDb6e1-a9iTbWzfg,@Aura-vf6dm,UCAmtbUiIrUIhikru0ZoTFig,SON CÍNICOS,@quorumgt/videos,channel,quorum_complete_comments.csv | youtube_guatemala_plus_comments.csv,/@Aura-vf6dm,hace 2 años,7,0,False,,/@Aura-vf6dm,7,SON CÍNICOS,,,,cínico
n8iP75gIpmw,Ugzin8yr1Zz1k47GsSp4AaABAg,Qué rico come tu diputado,Quorum,UCE4rsXcgDb6e1-a9iTbWzfg,@domingopeneleu6457,UCr1emrogPKkKTs_WTtx71xg,Ay ricos shucos en la calle jajaja,@quorumgt/videos,channel,quorum_complete_comments.csv | youtube_guatemala_plus_comments.csv,/@domingopeneleu6457,hace 2 años, ,0,False,,/@domingopeneleu6457,0,Ay ricos shucos en la calle jajaja,,,,ay rico shucos calle jajaja
lj983NWyAQY,UgzjFGboqNxQ7BcH0bZ4AaABAg,Plan 2032 Ciudad de Guatemala,Municipalidad de Guatemala,UCXa6LVjBzUtmcM3cwbd9e2w,@jimmygomez724,UCRznz9-N3Qc1w-qNdLSIY2Q,Hermosa cuidad de guatemala saludos desde el salvador,Municipalidad de Guatemala,topic,lj983NWyAQY_out_comments.csv | youtube_guatemala_plus_comments.csv,/@jimmygomez724,hace 6 años,14,0,False,,/@jimmygomez724,14,Hermosa cuidad de guatemala saludos desde el salvador,,,,hermoso cuidar guatemala saludo salvador
lj983NWyAQY,UgzjqVqTKYeOrM1kW0F4AaABAg,Plan 2032 Ciudad de Guatemala,Municipalidad de Guatemala,UCXa6LVjBzUtmcM3cwbd9e2w,@maynorcalel1442,UCY7Hq7F9Lnucf-Yr6JkHZNw,Primero Dios,Municipalidad de Guatemala,topic,lj983NWyAQY_out_comments.csv | youtube_guatemala_plus_comments.csv,/@maynorcalel1442,hace 7 años,79,0,False,,/@maynorcalel1442,79,Primero Dios,,,,primero dios
OkXlHx0hx-8,Ugzk5XnOVKoVj8FiOCB4AaABAg,EE.UU. envía a mexicanos deportados a Guatemala antes de su regreso a México | Noticias Telemundo,Noticias Telemundo,UCRwA1NUcUnwsly35ikGhp0A,@mariaalexander427,UC-QOpE7GOxlXcHZ8b7HbQKA,Y??? Entraron ilegalmente a un pais AJENO!! No tenemos obligacion de dejarlos en las puertas de sus ranchos! Problema de otro gobierno!🇺🇸💪🗽⚖️✈️✈️✈️,guatemala noticias,topic,youtube_guatemala_comments.csv | youtube_guatemala_plus_comments.csv,/@mariaalexander427,hace 1 día, ,0,False,,/@mariaalexander427,0,Y??? Entraron ilegalmente a un pais AJENO!! No tenemos obligacion de dejarlos en las puertas de sus ranchos! Problema de otro gobierno!🇺🇸💪🗽⚖️✈️✈️✈️,,,💪|🗽|⚖|✈|✈|✈,entrar ilegalmente pais ajeno obligacion dejarlos puerta rancho problema gobierno
n8iP75gIpmw,UgzlqevYeQWpdUl_KON4AaABAg,Qué rico come tu diputado,Quorum,UCE4rsXcgDb6e1-a9iTbWzfg,@josehidalgo4875,UCjSKM9j0Q7HLDr1hD6D-TUw,Solo lo que sale a luz se da cuenta el pueblo de lo que hasen estos malvados y lo que hasen a escondidas quien les dise algo estos bien bien comidos y el pueblo que en eso yo mismo se los e dicho que el que sale beneficiado en todo es el político ustedes creen que se preocupan x el pueblo yo siempre les e dicho que solo las sobras le dejan al pueblo x que esta clase de gente solo tiene que ver primero sus intereses y lo demás les vale madre,@quorumgt/videos,channel,quorum_complete_comments.csv | youtube_guatemala_plus_comments.csv,/@josehidalgo4875,hace 2 años,2,0,False,,/@josehidalgo4875,2,Solo lo que sale a luz se da cuenta el pueblo de lo que hasen estos malvados y lo que hasen a escondidas quien les dise algo estos bien bien comidos y el pueblo que en eso yo mismo se los e dicho que el que sale beneficiado en todo es el político ustedes creen que se preocupan x el pueblo yo siempre les e dicho que solo las sobras le dejan al pueblo x que esta clase de gente solo tiene que ver primero sus intereses y lo demás les vale madre,,,,solo salar luz dar cuenta pueblo hasen malvado hasen esconder dise bien bien comer pueblo mismo dicho salar beneficiado político usted creer preocupar pueblo siempre dicho solo sobrar dejar pueblo clase gente solo ver primero interesar demás vale madre
06mFNPU0aB8,Ugzm7wFhhdctNQt_ubl4AaABAg,Capturan a presuntos delincuentes disfrazados de mujer señalados de cometer asalto,Noti7,UCVpSRoZgngfSL03Nlbjtq9A,@JessicaHuaz-96,UCwCfs-2zbD5k0lG-UVg_JBw,Al fin hicieron algo bueno los polis👏👏👏👏👏,guatemala noticias,topic,youtube_guatemala_comments.csv | youtube_guatemala_plus_comments.csv,/@JessicaHuaz-96,hace 2 semanas, ,0,False,,/@JessicaHuaz-96,0,Al fin hicieron algo bueno los polis👏👏👏👏👏,,,👏|👏|👏|👏|👏,fin hacer bueno polis
n8iP75gIpmw,UgzmBKXDgncBFsDjRwd4AaABAg,Qué rico come tu diputado,Quorum,UCE4rsXcgDb6e1-a9iTbWzfg,@osmanmorales3012,UC72gBAtyb_VXQlYDcFrh6oQ,Siempre tienen excusa,@quorumgt/videos,channel,quorum_complete_comments.csv | youtube_guatemala_plus_comments.csv,/@osmanmorales3012,hace 2 años,1,0,False,,/@osmanmorales3012,1,Siempre tienen excusa,,,,siempre excusa
PjmxCj-a9Hg,UgzmBVMoFVO53-_ZZ-54AaABAg,Conferencia de Prensa del Gobierno de Guatemala. #LaRondaGt,Gobierno de la República de Guatemala,UC-ZtFBHzgkYFh7whZkuR_Ag,@NormaLópez-v7e,UC8xlJWNHz1V_W6q3fbuQH8g,Excelente señor ministro.,@GobiernodeGuatemala,topic,PjmxCj-a9Hg_out_comments.csv | youtube_guatemala_plus_comments.csv,/@NormaL%C3%B3pez-v7e,hace 1 año,1,0,False,,/@NormaLópez-v7e,1,Excelente señor ministro.,,,,excelente señor ministro
6W4u8sGEnGM,UgzpHaLJJjoD9FnKO6p4AaABAg,Inician los trabajos de recuperación del Puente Belice II.,Gobierno de la República de Guatemala,UC-ZtFBHzgkYFh7whZkuR_Ag,@Murmullodelbarrio,UCyJhqmMbsvjpoarBBStA2kg,Viva nuestra Guatemala bendita y viva nuestro presidente Bernardo Arévalo,Gobierno de la República de Guatemala,topic,youtube_guatemala_plus_comments.csv | youtube_lab_targets_small_comments.csv,/@Murmullodelbarrio,hace 6 días,5,0,False,,/@Murmullodelbarrio,5,Viva nuestra Guatemala bendita y viva nuestro presidente Bernardo Arévalo,,,,vivar guatemala bendecir vivar presidente bernardo arévalo
PjmxCj-a9Hg,UgzpdnDQDBV6UZ96GZh4AaABAg,Conferencia de Prensa del Gobierno de Guatemala. #LaRondaGt,Gobierno de la República de Guatemala,UC-ZtFBHzgkYFh7whZkuR_Ag,@srms70,UCgQJgI9vu1FI2dnC9mrFthw,NO QUEREMOS EL TREN MAYA EN GUATEMALA,@GobiernodeGuatemala,topic,PjmxCj-a9Hg_out_comments.csv | youtube_guatemala_plus_comments.csv,/@srms70,hace 1 año,2,0,False,,/@srms70,2,NO QUEREMOS EL TREN MAYA EN GUATEMALA,,,,querer tren maya guatemala
n8iP75gIpmw,UgzpzyaFY6F6IdFxzk14AaABAg,Qué rico come tu diputado,Quorum,UCE4rsXcgDb6e1-a9iTbWzfg,@kanterra4584,UCLFdHr9BEbXHkoJopbEPLZw,Por lo general es así cuando los sujetos provienen de bajos estratos de la sociedad y son tirados con honda.,@quorumgt/videos,channel,quorum_complete_comments.csv | youtube_guatemala_plus_comments.csv,/@kanterra4584,hace 2 años,11,0,False,,/@kanterra4584,11,Por lo general es así cuando los sujetos provienen de bajos estratos de la sociedad y son tirados con honda.,,,,general así sujeto provenir bajo estrato sociedad tirado honda
n8iP75gIpmw,UgzrrbkpudLqNqr7s6R4AaABAg,Qué rico come tu diputado,Quorum,UCE4rsXcgDb6e1-a9iTbWzfg,@Joseroland21,UCRETAiYdh2dL5ZxB0_N1zDA,"A todos no a unos si 😂
Mejor no hubiera se hubiera entrevistado. 😂

Un calcetín el
Señor. Abre la boca y meta la pata",@quorumgt/videos,channel,quorum_complete_comments.csv | youtube_guatemala_plus_comments.csv,/@Joseroland21,hace 2 años, ,0,False,,/@Joseroland21,0,"A todos no a unos si 😂
Mejor no hubiera se hubiera entrevistado. 😂

Un calcetín el
Señor. Abre la boca y meta la pata",,,😂|😂,si mejor entrevistar calcetín señor abrir boca meta pata
lj983NWyAQY,Ugzs8eXa8mdQ8wlS4FZ4AaABAg,Plan 2032 Ciudad de Guatemala,Municipalidad de Guatemala,UCXa6LVjBzUtmcM3cwbd9e2w,@bryansicasales4280,UCi-vPdnpQreC7BkFs40mJGA,"Es un proyecto extraordinario , vamos adelante mi guate hermosa!",Municipalidad de Guatemala,topic,lj983NWyAQY_out_comments.csv | youtube_guatemala_plus_comments.csv,/@bryansicasales4280,hace 7 años,35,0,False,,/@bryansicasales4280,35,"Es un proyecto extraordinario , vamos adelante mi guate hermosa!",,,,proyecto extraordinario ir adelantar guate hermoso
PjmxCj-a9Hg,UgztKpwRx20oET8wGLJ4AaABAg,Conferencia de Prensa del Gobierno de Guatemala. #LaRondaGt,Gobierno de la República de Guatemala,UC-ZtFBHzgkYFh7whZkuR_Ag,@virgiliogarcia3039,UCHTGCgY2l-DQJIvlA_cpa_Q,Con mucho Respeto  sen̈or presidente lo saludo y que Dios los vendiga lo unico que le pido que mencione y hagan algo por la seguridad del pais ya que siguen matando personas trabajadores y honrradas hagan algo con esos delincuentes .,@GobiernodeGuatemala,topic,PjmxCj-a9Hg_out_comments.csv | youtube_guatemala_plus_comments.csv,/@virgiliogarcia3039,hace 1 año,1,0,False,,/@virgiliogarcia3039,1,Con mucho Respeto  sen̈or presidente lo saludo y que Dios los vendiga lo unico que le pido que mencione y hagan algo por la seguridad del pais ya que siguen matando personas trabajadores y honrradas hagan algo con esos delincuentes .,,,,respeto sen or presidente saludo dios vendiga unico pedir mencionar hacer seguridad pais seguir matar persona trabajador honrradas hacer delincuente
PjmxCj-a9Hg,UgzuugQO6qMSbkVsdGp4AaABAg,Conferencia de Prensa del Gobierno de Guatemala. #LaRondaGt,Gobierno de la República de Guatemala,UC-ZtFBHzgkYFh7whZkuR_Ag,@aureliomaldonado4793,UCtNyHmRZtvGF2hSvI2dUBWw,Pregúntenle si se acuerda de la marca del vino que se toma todos los días,@GobiernodeGuatemala,topic,PjmxCj-a9Hg_out_comments.csv | youtube_guatemala_plus_comments.csv,/@aureliomaldonado4793,hace 1 año,1,0,False,,/@aureliomaldonado4793,1,Pregúntenle si se acuerda de la marca del vino que se toma todos los días,,,,pregúntenle si acordar marca vino toma día
n8iP75gIpmw,UgzvKLXKEkVzjn_XRHp4AaABAg,Qué rico come tu diputado,Quorum,UCE4rsXcgDb6e1-a9iTbWzfg,@alvaroesquivel563,UCsjs5Hp_r86x1xbK6FAeqaA,Eso es exactamente lo que significa la verdadera politica: dividirse la riqueza del país entre unos cuantos. Sólo se puede guardar por todos estos delincuentes políticos un sentimiento de vivisima repugnancia.-,@quorumgt/videos,channel,quorum_complete_comments.csv | youtube_guatemala_plus_comments.csv,/@alvaroesquivel563,hace 2 años,2,0,False,,/@alvaroesquivel563,2,Eso es exactamente lo que significa la verdadera politica: dividirse la riqueza del país entre unos cuantos. Sólo se puede guardar por todos estos delincuentes políticos un sentimiento de vivisima repugnancia.-,,,,exactamente significar verdadero politica dividirse riqueza país cuanto sólo poder guardar delincuente político sentimiento vivisima repugnancia
lj983NWyAQY,UgzwvEpQc3M_AWvNDad4AaABAg,Plan 2032 Ciudad de Guatemala,Municipalidad de Guatemala,UCXa6LVjBzUtmcM3cwbd9e2w,@WalksandSuch,UCRcSR3Lvn9DZAmJpVPANfZQ,muy padre. saludos desde mexico.,Municipalidad de Guatemala,topic,lj983NWyAQY_out_comments.csv | youtube_guatemala_plus_comments.csv,/@WalksandSuch,hace 7 años,68,0,False,,/@WalksandSuch,68,muy padre. saludos desde mexico.,,,,padre saludo mexico
n8iP75gIpmw,Ugzx7TTfRu5S-pT0LuZ4AaABAg,Qué rico come tu diputado,Quorum,UCE4rsXcgDb6e1-a9iTbWzfg,@eusebiovasquez4385,UCz3gu01bmjNv0DpRq-K3XYg,Pero que estará aportando éste delincuente,@quorumgt/videos,channel,quorum_complete_comments.csv | youtube_guatemala_plus_comments.csv,/@eusebiovasquez4385,hace 2 años,1,0,False,,/@eusebiovasquez4385,1,Pero que estará aportando éste delincuente,,,,aportar este delincuente
PjmxCj-a9Hg,UgzxhrnRAMNePfy6u7J4AaABAg,Conferencia de Prensa del Gobierno de Guatemala. #LaRondaGt,Gobierno de la República de Guatemala,UC-ZtFBHzgkYFh7whZkuR_Ag,@ronaldgarcia8522,UCGX_UbAQOXGZknv5iqklwTA,Este hombre esta loco,@GobiernodeGuatemala,topic,PjmxCj-a9Hg_out_comments.csv | youtube_guatemala_plus_comments.csv,/@ronaldgarcia8522,hace 1 año,1,0,False,,/@ronaldgarcia8522,1,Este hombre esta loco,,,,hombre loco
n8iP75gIpmw,UgzzpE27HS1dmWfyATJ4AaABAg,Qué rico come tu diputado,Quorum,UCE4rsXcgDb6e1-a9iTbWzfg,@normaleticiaorozcojuarez2418,UC-hfX8J5JPJ-dfuakzegMLA,"Si son asesores los que participan en las mesas de trabajo, ellos también tienen buenos sueldos y pueden costear sus gastos personales, jamás con el sueldo de  los Diputados y menos con recursos del pueblo, hay que ser  verdaderamente CABAL. Con respecto a el trabajo que realizan , cualquier proyecto que sea  y en sus diferentes etapas, considero que lo hace porque le gusta  y se siente realizado, se le recuerda que no es gratis, reciben un sueldo y que los compromisos laborales no se resuelven en un restaurante,  para eso están oficinas, las reuniones  en estos lugares es más convivencia que trabajo.  Que Dios les ilumine.",@quorumgt/videos,channel,quorum_complete_comments.csv | youtube_guatemala_plus_comments.csv,/@normaleticiaorozcojuarez2418,hace 2 años (editado),6,0,False,,/@normaleticiaorozcojuarez2418,6,"Si son asesores los que participan en las mesas de trabajo, ellos también tienen buenos sueldos y pueden costear sus gastos personales, jamás con el sueldo de  los Diputados y menos con recursos del pueblo, hay que ser  verdaderamente CABAL. Con respecto a el trabajo que realizan , cualquier proyecto que sea  y en sus diferentes etapas, considero que lo hace porque le gusta  y se siente realizado, se le recuerda que no es gratis, reciben un sueldo y que los compromisos laborales no se resuelven en un restaurante,  para eso están oficinas, las reuniones  en estos lugares es más convivencia que trabajo.  Que Dios les ilumine.",,,,si asesorar participar mesa trabajo bueno sueldo poder costear gasto personal jamás sueldo diputado menos recurso pueblo ser verdaderamente cabal respecto trabajo realizar cualquiera proyecto diferente etapa considerar hacer gustar realizar recordar gratis recibir sueldo compromiso laboral resolver restaurante oficina reunión lugar convivencia trabajo dios iluminar
